-- phpMyAdmin SQL Dump
-- version 5.0.1
-- https://www.phpmyadmin.net/
--
-- Host: 127.0.0.1
-- Generation Time: May 18, 2020 at 03:25 PM
-- Server version: 10.4.11-MariaDB
-- PHP Version: 7.4.2

SET SQL_MODE = "NO_AUTO_VALUE_ON_ZERO";
SET AUTOCOMMIT = 0;
START TRANSACTION;
SET time_zone = "+00:00";


/*!40101 SET @OLD_CHARACTER_SET_CLIENT=@@CHARACTER_SET_CLIENT */;
/*!40101 SET @OLD_CHARACTER_SET_RESULTS=@@CHARACTER_SET_RESULTS */;
/*!40101 SET @OLD_COLLATION_CONNECTION=@@COLLATION_CONNECTION */;
/*!40101 SET NAMES utf8mb4 */;

--
-- Database: `bitfumes-ecommerce-restful-api`
--

-- --------------------------------------------------------

--
-- Table structure for table `failed_jobs`
--

CREATE TABLE `failed_jobs` (
  `id` bigint(20) UNSIGNED NOT NULL,
  `connection` text COLLATE utf8mb4_unicode_ci NOT NULL,
  `queue` text COLLATE utf8mb4_unicode_ci NOT NULL,
  `payload` longtext COLLATE utf8mb4_unicode_ci NOT NULL,
  `exception` longtext COLLATE utf8mb4_unicode_ci NOT NULL,
  `failed_at` timestamp NOT NULL DEFAULT current_timestamp()
) ENGINE=InnoDB DEFAULT CHARSET=utf8mb4 COLLATE=utf8mb4_unicode_ci;

-- --------------------------------------------------------

--
-- Table structure for table `migrations`
--

CREATE TABLE `migrations` (
  `id` int(10) UNSIGNED NOT NULL,
  `migration` varchar(255) COLLATE utf8mb4_unicode_ci NOT NULL,
  `batch` int(11) NOT NULL
) ENGINE=InnoDB DEFAULT CHARSET=utf8mb4 COLLATE=utf8mb4_unicode_ci;

--
-- Dumping data for table `migrations`
--

INSERT INTO `migrations` (`id`, `migration`, `batch`) VALUES
(1, '2014_10_12_000000_create_users_table', 1),
(2, '2014_10_12_100000_create_password_resets_table', 1),
(3, '2019_08_19_000000_create_failed_jobs_table', 1),
(4, '2020_05_18_124724_create_products_table', 1),
(5, '2020_05_18_124755_create_reviews_table', 1);

-- --------------------------------------------------------

--
-- Table structure for table `password_resets`
--

CREATE TABLE `password_resets` (
  `email` varchar(255) COLLATE utf8mb4_unicode_ci NOT NULL,
  `token` varchar(255) COLLATE utf8mb4_unicode_ci NOT NULL,
  `created_at` timestamp NULL DEFAULT NULL
) ENGINE=InnoDB DEFAULT CHARSET=utf8mb4 COLLATE=utf8mb4_unicode_ci;

-- --------------------------------------------------------

--
-- Table structure for table `products`
--

CREATE TABLE `products` (
  `id` bigint(20) UNSIGNED NOT NULL,
  `name` varchar(255) COLLATE utf8mb4_unicode_ci NOT NULL,
  `detail` longtext COLLATE utf8mb4_unicode_ci NOT NULL,
  `price` bigint(20) NOT NULL,
  `stock` int(11) NOT NULL,
  `discount` int(11) NOT NULL,
  `created_at` timestamp NULL DEFAULT NULL,
  `updated_at` timestamp NULL DEFAULT NULL
) ENGINE=InnoDB DEFAULT CHARSET=utf8mb4 COLLATE=utf8mb4_unicode_ci;

--
-- Dumping data for table `products`
--

INSERT INTO `products` (`id`, `name`, `detail`, `price`, `stock`, `discount`, `created_at`, `updated_at`) VALUES
(1, 'suscipit', 'Omnis placeat quisquam ea iusto enim voluptas molestiae. Perspiciatis doloribus cupiditate maiores velit ut ut iste. Quia perferendis repellendus natus aut fugiat similique consectetur.', 4357348, 6, 23, '2020-05-18 05:22:34', '2020-05-18 05:22:34'),
(2, 'eos', 'Non fuga accusamus omnis corporis. Autem rem adipisci expedita optio voluptate. Nesciunt dolor et quaerat aliquid suscipit et ipsa in.', 4483975, 3, 21, '2020-05-18 05:22:34', '2020-05-18 05:22:34'),
(3, 'consequatur', 'Qui similique at quia dolore non. Nulla quos molestiae est est laudantium adipisci.', 6546935, 2, 29, '2020-05-18 05:22:34', '2020-05-18 05:22:34'),
(4, 'est', 'Harum iste excepturi sint natus error quo. Praesentium voluptates quidem iusto dolor odit. Beatae inventore aliquam ab repellat iure aut enim. In deserunt praesentium veniam provident ab ratione.', 533745, 6, 5, '2020-05-18 05:22:34', '2020-05-18 05:22:34'),
(5, 'necessitatibus', 'Itaque modi qui ut. Explicabo vero rerum et et expedita vero. Omnis et voluptatem nihil.', 8017901, 7, 25, '2020-05-18 05:22:34', '2020-05-18 05:22:34'),
(6, 'sit', 'Autem accusamus dolorum incidunt quae maxime sunt officiis sequi. Cumque sunt aut officia molestiae facilis voluptas. Officia dolore enim aliquid quae.', 9735751, 2, 21, '2020-05-18 05:22:34', '2020-05-18 05:22:34'),
(7, 'quia', 'Sit fugit corrupti libero sit. Voluptas dolor pariatur sit eligendi. Dicta nisi et atque non. Numquam expedita veniam hic commodi doloremque ipsam eius.', 5814543, 6, 19, '2020-05-18 05:22:34', '2020-05-18 05:22:34'),
(8, 'rerum', 'Quam eligendi non voluptate provident occaecati. Sequi sit architecto beatae aut quo quaerat.', 1067407, 5, 30, '2020-05-18 05:22:34', '2020-05-18 05:22:34'),
(9, 'et', 'Repellendus ipsam eos ea dolores id. Velit sed autem laudantium. Sed est dignissimos laborum modi voluptas odio suscipit. Exercitationem sunt aliquid sequi alias.', 2111478, 6, 18, '2020-05-18 05:22:34', '2020-05-18 05:22:34'),
(10, 'totam', 'Aperiam voluptatem consectetur excepturi dolor et quo rem magni. Et veniam magni et cum quo. Sed sunt quia repudiandae voluptas fuga vel maxime.', 7564131, 4, 27, '2020-05-18 05:22:34', '2020-05-18 05:22:34'),
(11, 'tenetur', 'Voluptates qui sed expedita occaecati dolor. Sed dolores enim quam omnis aut sed nulla. Dolor reprehenderit iusto quis ut. Cupiditate id consequatur accusantium.', 4186546, 1, 11, '2020-05-18 05:22:35', '2020-05-18 05:22:35'),
(12, 'provident', 'Sit pariatur dicta quidem. Tempora nesciunt dicta rem veritatis. Omnis enim eius atque ipsum nesciunt.', 4822644, 2, 23, '2020-05-18 05:22:35', '2020-05-18 05:22:35'),
(13, 'soluta', 'Dicta quia dolorem in a. Sit veniam harum quia amet ea dolorem. Qui ab iste velit magnam. Eos aut minima dolore magni odit aut nostrum.', 2887588, 2, 14, '2020-05-18 05:22:35', '2020-05-18 05:22:35'),
(14, 'dolorum', 'Ullam ducimus sint vel et voluptatem a illo ut. Nulla consequatur est sequi reprehenderit. Autem aut aut ad. Cum et et nulla et vel sint molestiae.', 7928530, 6, 12, '2020-05-18 05:22:35', '2020-05-18 05:22:35'),
(15, 'magnam', 'Est non quia natus asperiores dolor dignissimos doloremque. Deleniti qui beatae sapiente veniam explicabo veniam quisquam quaerat.', 3572675, 5, 15, '2020-05-18 05:22:35', '2020-05-18 05:22:35'),
(16, 'nesciunt', 'Et voluptas est saepe omnis officiis et cumque. Et voluptatibus neque perspiciatis vel porro aliquam. Libero praesentium odio fuga illo magnam consequuntur aut. Sed nemo rerum ad rerum.', 5797347, 6, 10, '2020-05-18 05:22:35', '2020-05-18 05:22:35'),
(17, 'et', 'Voluptas voluptatem laboriosam aliquam velit nesciunt optio temporibus. Sint excepturi ab voluptatibus qui provident possimus. Animi suscipit odit ipsum aut.', 6658847, 7, 27, '2020-05-18 05:22:35', '2020-05-18 05:22:35'),
(18, 'ea', 'Fugit reiciendis ipsa quibusdam qui. Sunt dolores doloremque quo inventore delectus quibusdam reprehenderit. Praesentium cumque doloribus qui aut soluta et esse blanditiis.', 3084309, 7, 19, '2020-05-18 05:22:35', '2020-05-18 05:22:35'),
(19, 'voluptas', 'Dolores dolor excepturi numquam recusandae expedita iure. Ut adipisci non sint placeat accusantium iste. Rem sed facere magnam itaque quos modi sed nesciunt. Quia totam perspiciatis quisquam nihil soluta.', 9443153, 1, 3, '2020-05-18 05:22:35', '2020-05-18 05:22:35'),
(20, 'tempore', 'Qui ea et non est dolorem et. Quia sint assumenda est qui expedita eveniet. Sit assumenda laborum voluptates officiis velit magni. Nemo impedit aliquam aut earum quas laudantium optio quia.', 3935734, 7, 22, '2020-05-18 05:22:35', '2020-05-18 05:22:35'),
(21, 'rem', 'Voluptatem nulla et pariatur est possimus. Cumque consequatur ducimus ducimus inventore unde commodi in totam. Officiis et sint sint illum. Repellendus possimus quaerat fugit.', 8453920, 1, 15, '2020-05-18 05:22:35', '2020-05-18 05:22:35'),
(22, 'aut', 'Ipsa qui enim nobis qui. Rerum itaque rem qui voluptas consequatur omnis commodi. Et sapiente culpa laboriosam provident. Molestiae aut quibusdam et autem veniam officiis.', 6042655, 3, 2, '2020-05-18 05:22:35', '2020-05-18 05:22:35'),
(23, 'atque', 'Architecto deserunt error est sint vel dolores. Et molestiae sint adipisci enim dolor. Ex omnis incidunt atque beatae minima.', 7077089, 3, 16, '2020-05-18 05:22:35', '2020-05-18 05:22:35'),
(24, 'nihil', 'Officiis aut itaque quidem enim dolorem. Nihil ut rem pariatur maiores error. Ratione minima adipisci ratione excepturi sit cupiditate. Repudiandae a qui doloremque iste. Eaque omnis odio earum est similique atque iure aliquam.', 2401597, 4, 4, '2020-05-18 05:22:35', '2020-05-18 05:22:35'),
(25, 'dignissimos', 'Explicabo blanditiis eos aspernatur recusandae quia accusamus. Quo ab velit qui aut quia magnam ea. Enim sint nobis sed laudantium.', 9019379, 4, 28, '2020-05-18 05:22:35', '2020-05-18 05:22:35'),
(26, 'porro', 'Ipsa quos nisi similique ut sit veritatis. Sed et molestias veniam assumenda. Id enim nesciunt aut sed quod qui. Libero rerum animi natus molestias at. Nobis placeat quos sed tempora ut dolor suscipit autem.', 2941794, 0, 18, '2020-05-18 05:22:36', '2020-05-18 05:22:36'),
(27, 'a', 'Error quia et est rem inventore. Qui possimus sit voluptates. Quas nobis omnis assumenda occaecati. Placeat illum dignissimos occaecati non ut.', 923370, 2, 10, '2020-05-18 05:22:36', '2020-05-18 05:22:36'),
(28, 'id', 'Praesentium magni expedita ut iusto a iure delectus. Voluptate accusantium et dolorum sunt pariatur. Fuga cumque quia perferendis et. Quia ut fugiat asperiores ut ut.', 2670481, 3, 18, '2020-05-18 05:22:36', '2020-05-18 05:22:36'),
(29, 'officiis', 'Quas et quibusdam dolores enim aut ullam unde. Tempora distinctio ab id nihil fugiat incidunt quo. Consequatur doloremque qui aut. Dolorum enim necessitatibus sint vel dolores qui.', 895652, 2, 28, '2020-05-18 05:22:36', '2020-05-18 05:22:36'),
(30, 'totam', 'Quod dicta veritatis voluptatem numquam ut. Reprehenderit possimus deserunt qui dolore. Delectus quaerat assumenda et praesentium est. Eos blanditiis molestiae libero ut ut dolorum.', 60848, 1, 27, '2020-05-18 05:22:36', '2020-05-18 05:22:36'),
(31, 'aliquam', 'Qui ut omnis sint et autem et minus. Ea earum quo sapiente omnis ut repudiandae. Eum dolores dolorem id fugit occaecati assumenda. Delectus vitae mollitia sed rerum qui dolore eligendi.', 469015, 0, 21, '2020-05-18 05:22:36', '2020-05-18 05:22:36'),
(32, 'fugit', 'Quidem aliquam vitae omnis suscipit aut. Nobis eligendi est odit non cupiditate ut. Nihil a et voluptatem blanditiis ex consequatur. Qui eveniet totam qui quis iure tenetur veniam.', 5393763, 4, 17, '2020-05-18 05:22:36', '2020-05-18 05:22:36'),
(33, 'id', 'Molestiae nam ut veniam qui quas. Voluptatem provident maxime nisi nesciunt. Cumque accusantium quae rerum eum enim facere recusandae. Sint nobis officia odit nihil doloribus est.', 9115016, 8, 16, '2020-05-18 05:22:36', '2020-05-18 05:22:36'),
(34, 'natus', 'Et eos quod expedita laborum qui perferendis. Placeat rerum esse quae eum. Eveniet quisquam at quis soluta autem molestiae accusantium qui.', 9690613, 8, 6, '2020-05-18 05:22:36', '2020-05-18 05:22:36'),
(35, 'fugit', 'Animi eligendi voluptatem explicabo unde rerum ad modi. Accusantium commodi rerum est nostrum magnam. Sapiente repudiandae quae non tempora.', 5472353, 8, 24, '2020-05-18 05:22:36', '2020-05-18 05:22:36'),
(36, 'molestiae', 'Dicta vero non omnis impedit doloremque corporis magnam omnis. Veniam vero minus vel voluptatem a quia magnam. Eligendi harum et quia rem ad quos.', 2582945, 2, 12, '2020-05-18 05:22:36', '2020-05-18 05:22:36'),
(37, 'minus', 'Voluptatem possimus ut incidunt amet. Deleniti omnis rerum omnis dolores unde sequi. Voluptate nesciunt corporis modi commodi dolorum adipisci sit rem. Quae saepe aut aut impedit illo voluptatem ducimus.', 3824259, 6, 11, '2020-05-18 05:22:36', '2020-05-18 05:22:36'),
(38, 'veritatis', 'Dolores ea natus amet voluptates eligendi. Culpa corporis fugit dicta voluptas molestiae mollitia qui. Quo consequuntur eius omnis magni libero dignissimos.', 6715381, 5, 26, '2020-05-18 05:22:37', '2020-05-18 05:22:37'),
(39, 'odio', 'Aspernatur voluptas ullam incidunt assumenda. Animi enim delectus occaecati occaecati omnis est quidem. Et qui a quos consequuntur qui rerum rem exercitationem. Commodi vel et quam aut.', 6291549, 4, 2, '2020-05-18 05:22:37', '2020-05-18 05:22:37'),
(40, 'quo', 'Qui corrupti dolorem alias dolorum quasi voluptas vel sit. Ut non nemo velit error saepe. Et voluptas dolorem vel molestias.', 8783910, 9, 14, '2020-05-18 05:22:37', '2020-05-18 05:22:37'),
(41, 'excepturi', 'Quia sed facere repudiandae enim molestias. Doloremque enim reiciendis omnis.', 9873644, 5, 27, '2020-05-18 05:22:37', '2020-05-18 05:22:37'),
(42, 'et', 'Occaecati error voluptas aut rerum est ut reprehenderit. Nesciunt nostrum ullam saepe nemo alias eaque reiciendis ab. Omnis dolorem ut expedita molestiae temporibus.', 3034058, 9, 21, '2020-05-18 05:22:37', '2020-05-18 05:22:37'),
(43, 'maxime', 'Quis corrupti ipsam repellat ratione provident sequi. Dolor et magni recusandae est. Veniam qui hic voluptates earum vel eius.', 251327, 8, 24, '2020-05-18 05:22:37', '2020-05-18 05:22:37'),
(44, 'voluptatem', 'Quaerat mollitia rerum quod quae voluptatibus soluta ut molestiae. Animi voluptas quam occaecati ex temporibus illo. Fugit eos qui perferendis voluptatem dolores.', 8705450, 0, 25, '2020-05-18 05:22:37', '2020-05-18 05:22:37'),
(45, 'accusantium', 'Illo aliquam harum perferendis optio beatae sit. Odit dolore ullam qui in neque facere. Deserunt harum iusto dolores et.', 9419470, 7, 22, '2020-05-18 05:22:37', '2020-05-18 05:22:37'),
(46, 'molestiae', 'Possimus ducimus corporis consectetur ipsa accusantium aut ea. Minima esse deleniti qui sed. In qui placeat eum.', 3047260, 4, 4, '2020-05-18 05:22:37', '2020-05-18 05:22:37'),
(47, 'quo', 'Alias distinctio perspiciatis et et similique accusantium eos. Eos consequuntur eum voluptatem. Nihil magnam eos vel et perferendis. Qui labore quis eum ducimus aut eum.', 85876, 2, 7, '2020-05-18 05:22:37', '2020-05-18 05:22:37'),
(48, 'eum', 'Aut qui placeat suscipit aut rerum qui dolorem in. Eligendi eligendi dolores nostrum eum in omnis qui. Illo illo ducimus quisquam doloribus. Vitae exercitationem atque iusto ipsum facilis ex mollitia.', 8841044, 2, 9, '2020-05-18 05:22:37', '2020-05-18 05:22:37'),
(49, 'ab', 'Repellendus magni iusto natus dolorem officiis veniam voluptatem. Et dolorem ea molestiae libero quas. Quia quae qui cum fuga tenetur modi et. Commodi consectetur culpa repellat quam.', 3621314, 6, 12, '2020-05-18 05:22:37', '2020-05-18 05:22:37'),
(50, 'eaque', 'Veritatis temporibus deserunt inventore dolore adipisci. Ducimus quia libero sunt dolorem quod voluptatibus. Voluptate fuga voluptas reiciendis ad impedit. Recusandae est repellat illo neque architecto. Blanditiis quis aut quo qui.', 3219979, 0, 15, '2020-05-18 05:22:37', '2020-05-18 05:22:37');

-- --------------------------------------------------------

--
-- Table structure for table `reviews`
--

CREATE TABLE `reviews` (
  `id` bigint(20) UNSIGNED NOT NULL,
  `product_id` bigint(20) UNSIGNED NOT NULL,
  `customer` varchar(255) COLLATE utf8mb4_unicode_ci NOT NULL,
  `review` longtext COLLATE utf8mb4_unicode_ci NOT NULL,
  `star` int(11) NOT NULL,
  `created_at` timestamp NULL DEFAULT NULL,
  `updated_at` timestamp NULL DEFAULT NULL
) ENGINE=InnoDB DEFAULT CHARSET=utf8mb4 COLLATE=utf8mb4_unicode_ci;

--
-- Dumping data for table `reviews`
--

INSERT INTO `reviews` (`id`, `product_id`, `customer`, `review`, `star`, `created_at`, `updated_at`) VALUES
(1, 15, 'Alessandra Ward', 'Earum assumenda omnis aliquid quia. Vel molestiae eum ipsa accusamus quae. Omnis recusandae laudantium temporibus id omnis illum.', 0, '2020-05-18 05:22:38', '2020-05-18 05:22:38'),
(2, 10, 'Jaleel Gerlach', 'Et voluptatem sunt aliquid voluptate libero aut totam. Dolores et ipsum sit omnis impedit et qui. Cum officiis officia dolor voluptatibus aliquam dolore ad tempora. Distinctio et dolore ipsum qui temporibus.', 2, '2020-05-18 05:22:38', '2020-05-18 05:22:38'),
(3, 12, 'Laurine Aufderhar', 'Quasi ut et ipsam sed doloribus sint nihil. Quo neque ea quibusdam illo voluptatibus sed. Ipsum aperiam non facilis perferendis soluta cum quae. Sit et optio est.', 1, '2020-05-18 05:22:38', '2020-05-18 05:22:38'),
(4, 29, 'Brisa Douglas', 'Sunt debitis modi illo eum impedit tenetur et laborum. Minus tempore tempore suscipit quasi. Laborum pariatur commodi dolores beatae omnis amet et. Qui ullam excepturi quia quia deleniti inventore.', 1, '2020-05-18 05:22:38', '2020-05-18 05:22:38'),
(5, 1, 'Constantin Wolf', 'Alias enim ut soluta perferendis. Et ex libero tenetur. Sed et est atque sequi. Quisquam expedita cumque harum aut et.', 5, '2020-05-18 05:22:38', '2020-05-18 05:22:38'),
(6, 28, 'Lavinia Ullrich', 'Soluta quasi alias explicabo unde iste qui omnis. Incidunt eius ut voluptatibus. Illo dolores in doloribus facilis aut et.', 1, '2020-05-18 05:22:38', '2020-05-18 05:22:38'),
(7, 9, 'Dr. Cierra Kohler', 'Nulla minus vel enim voluptas suscipit quidem. Dolorem cumque est labore animi minima omnis dolorum.', 3, '2020-05-18 05:22:38', '2020-05-18 05:22:38'),
(8, 2, 'Bert Wilderman', 'Laborum non adipisci eveniet molestias. Quia quaerat quaerat voluptatem. Atque quia hic voluptatem quidem a voluptates.', 5, '2020-05-18 05:22:38', '2020-05-18 05:22:38'),
(9, 8, 'Hoyt Schoen', 'Et atque magni odio nisi ab aperiam eveniet. Explicabo provident et aut. Quasi dignissimos corrupti officiis fugit.', 2, '2020-05-18 05:22:38', '2020-05-18 05:22:38'),
(10, 17, 'Dr. Rita Mueller I', 'Ab ut laboriosam aut rerum. Et in alias facilis asperiores nulla cum. Nostrum et necessitatibus dignissimos quo rem.', 4, '2020-05-18 05:22:38', '2020-05-18 05:22:38'),
(11, 18, 'Marcel Parisian V', 'Occaecati molestias tempore dolorem consectetur id porro molestias quod. Magni adipisci quia esse recusandae. Suscipit ut veritatis ut enim eum debitis. Sed sunt voluptatem reprehenderit velit doloremque.', 2, '2020-05-18 05:22:38', '2020-05-18 05:22:38'),
(12, 19, 'Ruthie Krajcik Jr.', 'Voluptates distinctio nulla dolores. Perspiciatis nihil similique aut. Similique laboriosam dolor distinctio ut ab in ex.', 1, '2020-05-18 05:22:39', '2020-05-18 05:22:39'),
(13, 40, 'Una Predovic', 'At sed labore explicabo molestias nemo sint. Sit nobis magni eveniet. Sit commodi quasi tenetur dolorem nisi.', 3, '2020-05-18 05:22:39', '2020-05-18 05:22:39'),
(14, 38, 'Prof. Kevin Robel MD', 'Ducimus cumque sit ab eius aliquam et minima. Dolorem ut laboriosam illo. Nam omnis esse illum sit nemo sunt omnis.', 0, '2020-05-18 05:22:39', '2020-05-18 05:22:39'),
(15, 31, 'Vallie Kuhn I', 'Delectus ipsum autem quis quisquam. In aut dicta deleniti maiores maiores. Facere sit recusandae officiis dolor ducimus quo. Culpa ut aut in.', 1, '2020-05-18 05:22:39', '2020-05-18 05:22:39'),
(16, 30, 'Abagail Emmerich DDS', 'Libero minima id consequuntur nisi. Ullam ducimus est eum ut. Rerum quidem aut dicta dignissimos fuga delectus modi.', 5, '2020-05-18 05:22:39', '2020-05-18 05:22:39'),
(17, 49, 'Annamae Wisozk', 'Impedit quisquam sed assumenda quis. Enim excepturi et doloribus quia.', 3, '2020-05-18 05:22:39', '2020-05-18 05:22:39'),
(18, 40, 'Mr. Nestor Stracke', 'Beatae enim nisi dolore non eum. Consectetur ut temporibus tenetur odit excepturi. Est voluptas iste nisi inventore aspernatur. Numquam quia quia dolorum non in iure.', 5, '2020-05-18 05:22:39', '2020-05-18 05:22:39'),
(19, 34, 'Ervin Klein', 'Possimus ut magni repellendus suscipit recusandae. Vitae id repudiandae non est sunt voluptatum molestias repellat. Soluta amet vitae aliquid sequi dolores ipsam quo. Quae necessitatibus iure vero.', 1, '2020-05-18 05:22:39', '2020-05-18 05:22:39'),
(20, 16, 'Prof. Tabitha Schinner', 'Distinctio qui sit consectetur laborum enim aut et. Reiciendis et nemo quia ab modi. Dolores eligendi autem et ab natus. Eos cupiditate doloribus odit exercitationem.', 2, '2020-05-18 05:22:39', '2020-05-18 05:22:39'),
(21, 15, 'Lura Barton III', 'Ut qui beatae et id voluptates. Perspiciatis natus perspiciatis reiciendis. Quia sit quia itaque quod minus labore. Et saepe quod ea id quasi omnis quos.', 0, '2020-05-18 05:22:39', '2020-05-18 05:22:39'),
(22, 3, 'Dr. Maya Murphy PhD', 'Nihil nostrum blanditiis corporis in quis perferendis id. Temporibus consectetur nisi praesentium culpa. Et ut mollitia maiores unde sed. Eum placeat eius qui tempore ut.', 3, '2020-05-18 05:22:39', '2020-05-18 05:22:39'),
(23, 18, 'Rosie Ankunding IV', 'Enim eos omnis aut minus aut. Nostrum quia adipisci deserunt perspiciatis nulla iure odio. Quia eveniet nemo soluta. Voluptatem sed aut explicabo sed nostrum reprehenderit.', 5, '2020-05-18 05:22:39', '2020-05-18 05:22:39'),
(24, 47, 'Dr. Queenie Abernathy II', 'Commodi eos non veniam corporis aut quasi cum. Laudantium modi quia quae et placeat quo. Recusandae vel sunt sed est. Quidem rerum dicta sed et est unde.', 2, '2020-05-18 05:22:39', '2020-05-18 05:22:39'),
(25, 33, 'Dr. Axel Cassin', 'Ut inventore incidunt fugit. Officia sed doloremque consequatur quia voluptas tempore. Ad iure qui et nulla distinctio totam.', 4, '2020-05-18 05:22:39', '2020-05-18 05:22:39'),
(26, 34, 'Lela Boehm', 'Accusamus et distinctio accusamus. Fuga dolores accusamus aut aliquam quia. Sed animi iusto laboriosam. Repellat culpa ut quis voluptates eos.', 0, '2020-05-18 05:22:39', '2020-05-18 05:22:39'),
(27, 43, 'Jessie Mayer', 'Enim fuga aut qui est suscipit. Non eaque ab consequuntur et. Tempora voluptatum quos facere delectus temporibus.', 1, '2020-05-18 05:22:39', '2020-05-18 05:22:39'),
(28, 8, 'Lionel Medhurst', 'Qui excepturi voluptas rem nemo voluptas vel fuga. Repellat fuga ut laudantium sit nostrum eos aliquam quos. Voluptatem facilis quo ea qui et voluptatem qui.', 4, '2020-05-18 05:22:39', '2020-05-18 05:22:39'),
(29, 31, 'Erwin Greenfelder', 'Optio vel quis optio architecto vel. Nostrum adipisci et aut consequatur. Dicta sed ipsam veniam omnis. Iusto dolor voluptate placeat cum.', 4, '2020-05-18 05:22:39', '2020-05-18 05:22:39'),
(30, 20, 'Dr. Vidal Towne II', 'Voluptas eveniet non qui vero doloremque dolores fugiat. Vitae voluptas et et impedit. Rem in modi eius voluptatem perspiciatis.', 2, '2020-05-18 05:22:40', '2020-05-18 05:22:40'),
(31, 41, 'Mrs. Anissa Thiel V', 'Nostrum ipsum illo rerum quia et voluptatibus qui ullam. Sint dolor quis sunt et et. Ad aliquam esse rerum a alias impedit. Magni illo qui repellat laboriosam.', 4, '2020-05-18 05:22:40', '2020-05-18 05:22:40'),
(32, 49, 'Clementina Dibbert', 'Non aut reprehenderit debitis quisquam enim eos. Omnis necessitatibus qui sint asperiores perspiciatis. Impedit est harum quo voluptas. Et iusto rerum dolores dolores.', 4, '2020-05-18 05:22:40', '2020-05-18 05:22:40'),
(33, 35, 'Mrs. Emmalee Spencer', 'Quod rem quia laboriosam. Occaecati et omnis voluptatibus atque repellat. Eos aut sed voluptas aperiam. Fugit labore ut eaque quasi ad occaecati nostrum.', 4, '2020-05-18 05:22:40', '2020-05-18 05:22:40'),
(34, 34, 'Waldo Schiller', 'Atque esse excepturi harum pariatur. Consequatur ad dolore dolor. Vero necessitatibus placeat temporibus consequuntur maxime quo dolor. Qui voluptates voluptates maiores optio distinctio est nesciunt.', 4, '2020-05-18 05:22:40', '2020-05-18 05:22:40'),
(35, 36, 'Magnus Halvorson', 'Dolores sapiente sed aut vitae et. Vel doloribus provident placeat qui odit. Doloremque perferendis impedit dolores.', 5, '2020-05-18 05:22:40', '2020-05-18 05:22:40'),
(36, 16, 'Dr. Jalon Bergnaum Jr.', 'Voluptas fugit fuga qui pariatur ut molestiae. Ut saepe dicta modi. Tenetur ducimus natus rem autem nihil. Nisi similique deleniti sit voluptatibus quo consectetur.', 3, '2020-05-18 05:22:40', '2020-05-18 05:22:40'),
(37, 33, 'Dr. Malika Thompson', 'Occaecati molestiae ut ut non. Incidunt facilis doloribus quam voluptates. Qui recusandae mollitia ducimus magnam.', 2, '2020-05-18 05:22:40', '2020-05-18 05:22:40'),
(38, 2, 'Dr. Angelina Schneider PhD', 'Et aperiam laudantium in sapiente provident. Non optio alias et a ut fugiat. Dolores at sed temporibus dolor eum. Modi delectus at magnam qui non suscipit.', 3, '2020-05-18 05:22:40', '2020-05-18 05:22:40'),
(39, 2, 'Ima Buckridge', 'Mollitia impedit repudiandae aut a voluptas. Earum laudantium qui ratione odit. Perspiciatis quos quibusdam ex at omnis et necessitatibus non.', 2, '2020-05-18 05:22:40', '2020-05-18 05:22:40'),
(40, 4, 'Quinn Pfeffer', 'Cumque placeat et voluptatem omnis. Minima similique laboriosam corporis in dolore sint voluptate. Labore voluptas explicabo facilis eum odit molestiae magnam ad. Amet dolor veritatis rerum rerum incidunt ipsam veritatis.', 5, '2020-05-18 05:22:40', '2020-05-18 05:22:40'),
(41, 30, 'Dr. Madyson Rutherford', 'Sed voluptatem voluptatem tempora praesentium enim beatae omnis rerum. Rem sed sed aliquam magni enim est. Aut qui error ut. Illum et sit id.', 5, '2020-05-18 05:22:40', '2020-05-18 05:22:40'),
(42, 43, 'Keanu Beahan', 'Est temporibus et tenetur eveniet assumenda. Fugiat dolorum tempore omnis nam laborum alias.', 2, '2020-05-18 05:22:40', '2020-05-18 05:22:40'),
(43, 44, 'Arianna Jenkins', 'Ut cumque aliquam qui voluptas veniam quidem aut. Rerum nobis architecto qui aut.', 4, '2020-05-18 05:22:40', '2020-05-18 05:22:40'),
(44, 44, 'Juliet Goyette', 'Animi suscipit aut et possimus voluptas. Neque explicabo at perspiciatis nihil totam. Natus qui et repudiandae beatae eligendi quo quam.', 3, '2020-05-18 05:22:40', '2020-05-18 05:22:40'),
(45, 15, 'Julian Raynor PhD', 'Quia adipisci in maiores hic. Aut eum laudantium ducimus id molestiae. Facere corporis sint aut ipsa autem. In excepturi quia similique sit eum quo vero.', 2, '2020-05-18 05:22:40', '2020-05-18 05:22:40'),
(46, 11, 'Lillian Wehner DVM', 'Praesentium facilis enim aliquam libero explicabo. Unde ut facere aliquam iusto accusantium rerum nam. Enim consectetur a non.', 0, '2020-05-18 05:22:40', '2020-05-18 05:22:40'),
(47, 17, 'Jayde Nitzsche', 'Nihil in numquam nihil aliquam et laboriosam placeat totam. Dignissimos dignissimos tempore reiciendis aliquid veritatis maxime suscipit pariatur. Sit aut sed distinctio quia in rem expedita. Suscipit quae recusandae rerum aut.', 5, '2020-05-18 05:22:40', '2020-05-18 05:22:40'),
(48, 5, 'Monica Mante', 'Et nisi neque cumque sit. Quod doloremque tenetur eligendi omnis odio. Labore molestias maxime et cumque. Ea optio quam in expedita modi id.', 3, '2020-05-18 05:22:41', '2020-05-18 05:22:41'),
(49, 19, 'Clare Hahn', 'Fuga placeat maiores quis et. Odit quae est non nulla voluptate deleniti. Est et nihil eius beatae voluptatem sit. Dicta cupiditate eum voluptatibus et nisi.', 0, '2020-05-18 05:22:41', '2020-05-18 05:22:41'),
(50, 41, 'Dannie Dicki Sr.', 'Omnis debitis voluptas corrupti necessitatibus. Ipsum dolores consequatur alias assumenda et natus. Minima quia qui labore dolore alias adipisci sit. Itaque corporis sit asperiores eos mollitia qui est est. Aut corporis tempore sit voluptates optio et.', 3, '2020-05-18 05:22:41', '2020-05-18 05:22:41'),
(51, 7, 'Tito Raynor', 'Dicta maxime enim et quidem voluptas dolorem. Mollitia aut voluptates quo ipsum. Ut aspernatur voluptatem voluptatem dolores quibusdam. Est blanditiis magni repellendus qui tenetur.', 5, '2020-05-18 05:22:41', '2020-05-18 05:22:41'),
(52, 49, 'Jaylin Adams', 'Corrupti ipsam quasi officiis ipsum sint nobis quibusdam voluptas. Unde tempore quam aut nostrum et. Impedit iusto ex assumenda reprehenderit suscipit aut beatae laborum. Rerum laboriosam dolorem repudiandae at.', 1, '2020-05-18 05:22:41', '2020-05-18 05:22:41'),
(53, 10, 'Jeffry Connelly', 'Nostrum quam omnis sed temporibus perferendis. Magni quo quam esse non laudantium id veniam. Culpa nesciunt sapiente consequatur cupiditate accusantium necessitatibus quibusdam.', 4, '2020-05-18 05:22:41', '2020-05-18 05:22:41'),
(54, 7, 'Paris Fahey', 'A et dolor temporibus iure et enim. Est autem officiis repellendus. Dolor veritatis illo quis unde.', 0, '2020-05-18 05:22:41', '2020-05-18 05:22:41'),
(55, 5, 'Prof. Don Kirlin Sr.', 'Commodi soluta ut reprehenderit quidem mollitia labore. Vel necessitatibus eos deserunt libero minima. Vel aut quo et. Architecto rerum possimus reprehenderit dolor soluta voluptatem omnis.', 5, '2020-05-18 05:22:41', '2020-05-18 05:22:41'),
(56, 42, 'Aida Heidenreich', 'Molestiae deserunt dolorem sunt dolorem voluptatem fuga consequatur atque. Assumenda ipsam repellat distinctio totam et dolorem. Minima rem quas et laborum. Est nesciunt culpa voluptatem voluptatem.', 3, '2020-05-18 05:22:41', '2020-05-18 05:22:41'),
(57, 49, 'Lazaro Parker PhD', 'Totam dolores et voluptatibus sit eum iste. Architecto autem ut id expedita aut. Ex consequuntur commodi enim.', 5, '2020-05-18 05:22:41', '2020-05-18 05:22:41'),
(58, 33, 'Violet Hackett', 'Non nesciunt delectus impedit quis neque voluptatibus. Tempora dolor quasi esse ipsam et. Rerum eos nulla quos in accusamus reiciendis. Ut sed voluptates consectetur quasi.', 3, '2020-05-18 05:22:41', '2020-05-18 05:22:41'),
(59, 18, 'Hellen Tillman', 'Odit ut eos cum. Voluptates ex et laboriosam aut molestiae itaque aut. Et beatae sapiente aut fuga.', 5, '2020-05-18 05:22:41', '2020-05-18 05:22:41'),
(60, 39, 'Miss Briana Hamill', 'Quos quia ut aut provident voluptatem illum. Aperiam in rerum enim velit fugit sed. Qui est autem nihil. Vel nam quis provident enim.', 1, '2020-05-18 05:22:41', '2020-05-18 05:22:41'),
(61, 23, 'Sabina Paucek', 'Veniam numquam voluptatem tempora minima ut aut. Amet eius est non officia perspiciatis. Nulla iste deserunt ut sunt officiis et.', 3, '2020-05-18 05:22:41', '2020-05-18 05:22:41'),
(62, 9, 'Vern Connelly', 'Perspiciatis et sunt nemo harum voluptas illum sed. Suscipit qui in voluptates repellat reiciendis beatae qui enim. Quis non quia voluptatibus perferendis omnis nam optio.', 3, '2020-05-18 05:22:41', '2020-05-18 05:22:41'),
(63, 19, 'Winnifred Powlowski', 'Odit magnam temporibus nostrum laboriosam ut iusto odit non. Dolorem assumenda numquam voluptatem praesentium. Sit est libero nihil ipsa ullam reprehenderit qui ut. Quisquam facere omnis et omnis et dolorem.', 5, '2020-05-18 05:22:41', '2020-05-18 05:22:41'),
(64, 47, 'Catalina Koelpin DVM', 'Est officia nihil aut laudantium. Repudiandae ipsa dolores voluptatem. Illum et earum recusandae qui et quia. Eos qui alias officia dolorem fuga.', 4, '2020-05-18 05:22:42', '2020-05-18 05:22:42'),
(65, 43, 'Dewitt Goldner', 'Commodi reiciendis et minus dolorem rerum amet dignissimos. Doloremque voluptas magnam illum aliquid quod iste. Ab qui maiores blanditiis harum a odit. Dolorem officiis pariatur consequatur repellat beatae. Esse dolores itaque voluptatem odit fugiat et nesciunt.', 2, '2020-05-18 05:22:42', '2020-05-18 05:22:42'),
(66, 11, 'Dillon Hill', 'Soluta quisquam dignissimos dignissimos est sed illum est. Et voluptates iure iste. Ut voluptas voluptates sunt ullam dolor temporibus dicta.', 0, '2020-05-18 05:22:42', '2020-05-18 05:22:42'),
(67, 11, 'Gerald Schuster', 'Quod quia molestiae nostrum laboriosam reprehenderit et. Dolorem repudiandae id inventore incidunt voluptate.', 3, '2020-05-18 05:22:42', '2020-05-18 05:22:42'),
(68, 6, 'Cleo Osinski', 'Qui facilis harum harum deleniti. Corrupti fugit qui veritatis fuga tempora. Qui tempora veritatis vel.', 0, '2020-05-18 05:22:42', '2020-05-18 05:22:42'),
(69, 1, 'Connor Kovacek', 'Voluptatem ea veritatis ut eum. Itaque accusantium et quae et asperiores.', 3, '2020-05-18 05:22:42', '2020-05-18 05:22:42'),
(70, 47, 'Juston Franecki II', 'Doloribus amet suscipit repellendus impedit occaecati. Esse et qui unde nemo cupiditate molestiae a blanditiis. Qui amet rem dolor deleniti. Reprehenderit enim natus delectus quam sed quidem exercitationem.', 0, '2020-05-18 05:22:42', '2020-05-18 05:22:42'),
(71, 22, 'Prof. Velva McGlynn', 'Eos perferendis ipsam nulla est corporis. Magni omnis similique nihil ut. Perferendis et est et sit. Autem nemo quod ducimus voluptates beatae est dicta.', 2, '2020-05-18 05:22:42', '2020-05-18 05:22:42'),
(72, 9, 'Mateo Konopelski', 'Provident veritatis ea fuga ipsa est quidem quaerat doloremque. Impedit sequi temporibus id quam.', 3, '2020-05-18 05:22:42', '2020-05-18 05:22:42'),
(73, 26, 'Nichole Beier', 'Aut laudantium dolor harum eum voluptatem praesentium. Est et quam quibusdam magni aliquam. Totam quisquam aut itaque placeat id et corporis adipisci.', 2, '2020-05-18 05:22:42', '2020-05-18 05:22:42'),
(74, 41, 'Augustus Lynch DVM', 'Porro iste iusto perspiciatis tempora eum. Repellendus voluptates quia et blanditiis. Aut eligendi nesciunt id et libero inventore. Perspiciatis fugiat quo ad iste sint.', 5, '2020-05-18 05:22:42', '2020-05-18 05:22:42'),
(75, 17, 'Sarai Miller', 'Iste eaque optio omnis qui ea illo. Totam adipisci ea dicta qui. Cum odit ipsa sint aut. Aspernatur sint velit quis corrupti nihil illo. In ducimus fugit earum accusamus est voluptate.', 1, '2020-05-18 05:22:42', '2020-05-18 05:22:42'),
(76, 10, 'Dr. Virgie Erdman IV', 'Est quaerat ab voluptas rerum temporibus pariatur placeat nisi. Voluptatem sed sunt omnis non autem qui maiores libero. Minima consectetur omnis sapiente architecto hic dolore. Reprehenderit fuga corporis dolore nisi quas.', 5, '2020-05-18 05:22:42', '2020-05-18 05:22:42'),
(77, 49, 'Dr. Electa Gislason IV', 'Consequuntur vitae quia porro perferendis laborum architecto. Quia consequatur sequi doloribus distinctio explicabo. Ea beatae nesciunt sit nam. Illo fugit esse saepe consequatur laudantium voluptatum ut.', 1, '2020-05-18 05:22:43', '2020-05-18 05:22:43'),
(78, 23, 'Freeda Kuhic', 'Ab est veritatis earum voluptatibus rem sunt. Voluptatem ex qui corrupti at molestiae. Modi ipsam sed placeat. Facere occaecati at odit dolorem eum odit ab.', 5, '2020-05-18 05:22:43', '2020-05-18 05:22:43'),
(79, 46, 'Rhiannon Walker', 'Eum sapiente possimus dignissimos rerum accusamus dolor. Rem atque accusamus voluptates aut. Nam dolor ut eos neque. Fugiat odit exercitationem et eum optio.', 0, '2020-05-18 05:22:43', '2020-05-18 05:22:43'),
(80, 21, 'Arne Blanda DVM', 'Dolorem molestias vel cumque est laborum et. Voluptatem nobis rerum voluptas dolorum. Qui eos laboriosam nihil dolorem saepe eum dolores. Iste vitae vel laudantium ut et. Dolores nam dolores quae recusandae deleniti odio velit.', 0, '2020-05-18 05:22:43', '2020-05-18 05:22:43'),
(81, 15, 'Marcel Walter', 'Animi ea dolorum minima dolores necessitatibus aliquam. Id ut earum fugiat sit non ut. Blanditiis iure excepturi pariatur dolor aut est. Dolore eum suscipit quod maxime et.', 0, '2020-05-18 05:22:43', '2020-05-18 05:22:43'),
(82, 16, 'Forrest Windler', 'Magni cupiditate odio nemo ut. Totam quia tempora sapiente recusandae nulla aut ut voluptatibus.', 4, '2020-05-18 05:22:43', '2020-05-18 05:22:43'),
(83, 49, 'Colin Becker', 'Magnam eaque ut nihil qui officiis qui voluptatum. Eum voluptatibus quia ducimus aut sint. Vero repellendus et autem.', 0, '2020-05-18 05:22:43', '2020-05-18 05:22:43'),
(84, 1, 'Berta Schneider', 'Illo harum aut id fuga recusandae et voluptatem labore. Quas cum omnis consequatur vel et saepe quas. Harum veniam autem sed. Numquam cumque ducimus vel eius rerum.', 4, '2020-05-18 05:22:43', '2020-05-18 05:22:43'),
(85, 39, 'Jaren Hamill III', 'Animi et et velit suscipit rerum. Voluptatem illo labore aspernatur beatae non. Perferendis dolorem nemo dolorem temporibus quos sit enim perspiciatis.', 1, '2020-05-18 05:22:43', '2020-05-18 05:22:43'),
(86, 39, 'Ines Nolan', 'Recusandae culpa aperiam eum. Nihil officiis est tempore. Eum quis id numquam hic occaecati. Deleniti eum nisi enim sed illum est harum. Rem libero atque quasi eaque et.', 1, '2020-05-18 05:22:43', '2020-05-18 05:22:43'),
(87, 15, 'Prof. Jaron Bartell Jr.', 'Odio incidunt numquam et quia quidem pariatur minima modi. Amet nisi voluptatem quae sed hic quia aliquid.', 1, '2020-05-18 05:22:43', '2020-05-18 05:22:43'),
(88, 40, 'Haven Kozey', 'Omnis ea vel a suscipit optio voluptatum. Veniam itaque ab voluptatum rerum nesciunt. Est sed similique et fugit quia architecto quidem. Dolor unde sapiente velit modi perferendis eaque iusto aut.', 5, '2020-05-18 05:22:43', '2020-05-18 05:22:43'),
(89, 3, 'Matilda Goodwin', 'Similique non magnam accusamus quia. Corporis consequatur quia nam libero. Sunt nihil asperiores omnis ipsum. Voluptas enim delectus quod excepturi minima.', 5, '2020-05-18 05:22:43', '2020-05-18 05:22:43'),
(90, 39, 'Jerel Bernier', 'Sunt nostrum officia quam pariatur quia a. Ipsum quisquam atque aut ex quo alias molestiae. Quia non repellat accusamus nihil culpa quis.', 0, '2020-05-18 05:22:43', '2020-05-18 05:22:43'),
(91, 3, 'Lola Hilpert', 'Et non quia consequatur inventore. Eaque possimus ipsam corrupti. Nobis itaque ut possimus eius voluptas iste. Qui et maiores expedita dolores rerum hic.', 0, '2020-05-18 05:22:43', '2020-05-18 05:22:43'),
(92, 9, 'Olin Dickinson', 'Modi quas beatae omnis voluptatibus minus. Labore consequatur consequatur dolor iure ut. Qui est explicabo magnam earum nulla ea. Iure amet aliquid eos quos.', 2, '2020-05-18 05:22:43', '2020-05-18 05:22:43'),
(93, 43, 'Stephania Connelly', 'Est dolorem provident sapiente ea aut. Nobis aperiam fuga voluptatem consequatur aperiam. Commodi est laudantium assumenda ratione vel cumque. Et et adipisci sit qui.', 4, '2020-05-18 05:22:43', '2020-05-18 05:22:43'),
(94, 27, 'Federico Halvorson Jr.', 'Laborum nihil minima voluptas quas velit corrupti. Minima id corporis laudantium.', 4, '2020-05-18 05:22:43', '2020-05-18 05:22:43'),
(95, 31, 'Mr. Riley Upton', 'Repellat placeat veritatis tempore at error eum rerum. Labore dolores possimus deserunt optio consequatur sit. Animi vitae quia aut et tempore.', 1, '2020-05-18 05:22:43', '2020-05-18 05:22:43'),
(96, 13, 'Mr. Geovanny Reynolds MD', 'Minus voluptatem corrupti maiores suscipit nulla doloribus iste. Vel distinctio qui ex qui repudiandae at. Eos velit pariatur aut nisi sapiente culpa rerum. Voluptatem sed repellat et quia recusandae.', 5, '2020-05-18 05:22:43', '2020-05-18 05:22:43'),
(97, 50, 'Doris Moore DVM', 'Nihil et cum esse qui quia. Autem aperiam dolorem quia sed et. Soluta similique quia porro quisquam adipisci accusantium nemo.', 1, '2020-05-18 05:22:43', '2020-05-18 05:22:43'),
(98, 41, 'Kane Wyman MD', 'Provident dolore sed non beatae velit qui voluptatem. Quae itaque ut ea excepturi nam aut. Neque natus molestiae molestias quis sunt occaecati. Molestiae quia aliquam aut ad qui laboriosam.', 2, '2020-05-18 05:22:43', '2020-05-18 05:22:43'),
(99, 34, 'Bell Hammes', 'In dolorem dolor ex repudiandae sit ut deserunt. Omnis id sed tempore expedita laudantium quam molestiae. Modi officia quia facilis magni.', 3, '2020-05-18 05:22:44', '2020-05-18 05:22:44'),
(100, 24, 'Jayda Barrows', 'Corrupti quisquam tenetur eos non quam fugit harum. Accusantium quasi illum accusamus distinctio hic. Repellat iusto quia ut sit. Eum esse modi iste temporibus molestiae.', 5, '2020-05-18 05:22:44', '2020-05-18 05:22:44'),
(101, 16, 'Ms. Evangeline Beatty DVM', 'Nisi et est et expedita voluptatem. Modi omnis fugit amet necessitatibus quaerat ipsa.', 1, '2020-05-18 05:22:44', '2020-05-18 05:22:44'),
(102, 14, 'Miss Alena Gutkowski', 'Magnam illo neque totam et cumque quo vitae. Autem asperiores harum sed eos facere veniam. Et distinctio eaque vero molestiae voluptas. Nihil repellat esse ut libero beatae eius.', 1, '2020-05-18 05:22:44', '2020-05-18 05:22:44'),
(103, 20, 'Terrill Corkery', 'Assumenda itaque voluptatum quasi aliquid dignissimos doloribus. Nostrum architecto sit in nemo ullam laboriosam voluptas suscipit. Esse nihil porro est ipsam ut. Et provident voluptas natus.', 3, '2020-05-18 05:22:44', '2020-05-18 05:22:44'),
(104, 11, 'Kiel Block', 'Id fuga et exercitationem illum voluptatum. Animi omnis suscipit id vel. Modi voluptas quia qui qui omnis eum est. Quia quibusdam in numquam doloremque nemo similique rem. Vitae quia vitae officia dolorum veniam.', 5, '2020-05-18 05:22:44', '2020-05-18 05:22:44'),
(105, 23, 'Elena Rau I', 'Nobis voluptatibus ea praesentium occaecati exercitationem iste enim et. Nam officia et ut et voluptatem nulla laudantium aspernatur. Cumque nihil veritatis ipsam.', 5, '2020-05-18 05:22:44', '2020-05-18 05:22:44'),
(106, 46, 'Angie Eichmann', 'Numquam libero nemo est laboriosam ut. Autem consequatur vero tempore accusantium. Beatae consequatur aspernatur autem. Deleniti molestias qui ea sed officiis voluptatibus est placeat. Et minima quaerat qui deleniti.', 5, '2020-05-18 05:22:44', '2020-05-18 05:22:44'),
(107, 13, 'Gene Swift III', 'Voluptates dolor a in sint quod rem. Reiciendis incidunt officia consectetur repellendus quam molestiae quo magni. Aut est iure quaerat velit dicta est.', 5, '2020-05-18 05:22:44', '2020-05-18 05:22:44'),
(108, 5, 'Adrienne Carter V', 'Inventore commodi occaecati qui ipsum voluptas quis molestiae. Sunt hic tempora in cumque voluptate et omnis dolorem. Qui impedit omnis architecto placeat. Et maiores quos explicabo nobis maxime.', 5, '2020-05-18 05:22:44', '2020-05-18 05:22:44'),
(109, 10, 'Octavia Boyle MD', 'Beatae molestiae saepe fugiat consectetur autem. Recusandae voluptas sunt illo qui voluptatem. Iure asperiores ut quidem et non voluptas dolorem. Saepe illum perspiciatis sint voluptates.', 2, '2020-05-18 05:22:44', '2020-05-18 05:22:44'),
(110, 50, 'Lyla O\'Reilly PhD', 'Aliquid vero aut voluptas fugiat dignissimos. Beatae aliquam libero cumque molestias non quia. Ut sunt sint dolorum ipsa voluptatibus quos laudantium.', 4, '2020-05-18 05:22:44', '2020-05-18 05:22:44'),
(111, 2, 'Moses Gleichner', 'Distinctio aut beatae aliquid aut alias possimus. Dolore labore odio dolorem sequi aperiam est. Hic et velit in aperiam possimus. Cum sequi ab distinctio tempore sit quis officia vel.', 4, '2020-05-18 05:22:44', '2020-05-18 05:22:44'),
(112, 12, 'Mr. Edmund Homenick', 'Consequatur consequatur mollitia est dolores. Qui inventore sint modi architecto suscipit. Porro repudiandae sed fugiat ipsum aut maxime adipisci veritatis. Officiis aspernatur exercitationem distinctio excepturi. Qui odio placeat omnis a veniam illum eaque animi.', 4, '2020-05-18 05:22:44', '2020-05-18 05:22:44'),
(113, 3, 'Leonora Raynor I', 'Ut fuga dignissimos tempora iusto culpa voluptatibus cumque. Optio eum molestias voluptas unde. Architecto qui accusantium quis voluptates voluptas.', 1, '2020-05-18 05:22:44', '2020-05-18 05:22:44'),
(114, 43, 'Dorthy Reilly', 'In qui quaerat et dolores dolores exercitationem. Tenetur exercitationem error dolorem voluptatem aspernatur non. Blanditiis soluta esse iste commodi impedit voluptatum.', 3, '2020-05-18 05:22:44', '2020-05-18 05:22:44'),
(115, 24, 'Mr. Ralph Feeney', 'Explicabo fugit doloribus ab soluta illum cum. Ratione sint voluptate necessitatibus tempora dolor. Reiciendis fuga ab aperiam est.', 5, '2020-05-18 05:22:44', '2020-05-18 05:22:44'),
(116, 30, 'Mrs. Maybell Jacobi IV', 'Fuga a sapiente omnis aliquid explicabo excepturi. Dignissimos numquam officiis quidem omnis quis neque. Facilis voluptas in consectetur deserunt earum excepturi. Vitae in enim ab officia hic.', 4, '2020-05-18 05:22:45', '2020-05-18 05:22:45'),
(117, 24, 'Mr. Terrance Smith', 'Minima aperiam itaque vel quidem expedita. Non harum tenetur eius consequatur.', 1, '2020-05-18 05:22:45', '2020-05-18 05:22:45'),
(118, 38, 'Stella Reynolds', 'Praesentium enim ut nam odit consequatur. Est labore et omnis et dolorem. Dolor quam beatae dolorum et nisi et nisi.', 1, '2020-05-18 05:22:45', '2020-05-18 05:22:45'),
(119, 49, 'Caleigh Yost', 'Dolor ipsa ullam nam ut alias voluptates. Perferendis qui ullam nisi quam quia. Voluptas aut temporibus et tempora quasi rerum.', 0, '2020-05-18 05:22:45', '2020-05-18 05:22:45'),
(120, 16, 'Danika Jenkins', 'Earum inventore quo numquam atque qui nam. Nobis eius ut rerum repudiandae harum nesciunt a. Quidem cumque eos sequi nemo. Eum eaque totam quasi perferendis impedit autem.', 3, '2020-05-18 05:22:45', '2020-05-18 05:22:45'),
(121, 31, 'Armand Batz', 'Ut hic harum minus deleniti delectus. Possimus et ullam minima ut totam rerum. Est ut illo repellendus. Rem enim rerum et earum maiores.', 0, '2020-05-18 05:22:45', '2020-05-18 05:22:45'),
(122, 15, 'Mr. Loy Emard', 'Voluptatibus aliquam illo quaerat ad adipisci minima. Qui voluptate dolorem ab et natus. Et quis repellat illum accusantium. Perspiciatis dicta facilis et consequatur quia aut velit.', 1, '2020-05-18 05:22:45', '2020-05-18 05:22:45'),
(123, 40, 'Leonor O\'Reilly V', 'Fugiat et alias at. Quis odio qui nihil quo dolor saepe. Recusandae rem soluta magnam blanditiis. Non est qui unde nulla aut officiis est.', 5, '2020-05-18 05:22:45', '2020-05-18 05:22:45'),
(124, 19, 'Brennan Cronin', 'Veritatis rerum nihil consectetur necessitatibus. Voluptatibus ipsum quisquam asperiores omnis. Ipsum dolorum quasi cumque earum eos placeat.', 2, '2020-05-18 05:22:45', '2020-05-18 05:22:45'),
(125, 1, 'Tomas White', 'Nam ad omnis et qui temporibus. Optio incidunt omnis quia accusantium alias et eum. Numquam eos ullam repellendus exercitationem vitae.', 3, '2020-05-18 05:22:45', '2020-05-18 05:22:45'),
(126, 50, 'Miss Delphia McDermott', 'Ducimus rem et eos rerum. Culpa omnis similique dolorem saepe nisi ut qui. Voluptate quas voluptatibus nisi. Vero dolor officiis et voluptatem.', 5, '2020-05-18 05:22:45', '2020-05-18 05:22:45'),
(127, 6, 'Kaylin Mayer', 'Adipisci dignissimos quos amet totam beatae rerum reprehenderit. Nostrum aut modi facilis dolor quaerat maxime. Cumque velit quo fugit illum.', 2, '2020-05-18 05:22:45', '2020-05-18 05:22:45'),
(128, 5, 'Jayde Daugherty', 'Debitis deserunt dicta rerum ad voluptates. Voluptatum et sequi architecto tenetur ad. Quia praesentium cum quisquam tempore natus qui libero. Qui eaque voluptate inventore excepturi quidem voluptates consequatur iusto.', 5, '2020-05-18 05:22:45', '2020-05-18 05:22:45'),
(129, 31, 'Jasper Daniel', 'Fuga aut consequatur voluptas quasi deleniti quod. Consequatur rem deleniti deserunt qui enim molestiae. Sit et numquam non hic. Deleniti nam eligendi pariatur consequatur fuga. Voluptas reprehenderit aut excepturi ab voluptatibus.', 2, '2020-05-18 05:22:45', '2020-05-18 05:22:45'),
(130, 24, 'Prof. Bonnie Durgan', 'Dolore quis nihil rem. Asperiores ipsa magnam deserunt. Voluptates atque cupiditate eum sit eveniet ut ipsa exercitationem. Aut ratione pariatur et et et animi molestiae.', 1, '2020-05-18 05:22:45', '2020-05-18 05:22:45'),
(131, 19, 'Leopold Brekke', 'Enim non sunt et porro. Deserunt sit soluta rerum sit non suscipit. Quae aut non fugiat.', 4, '2020-05-18 05:22:45', '2020-05-18 05:22:45'),
(132, 2, 'Mr. Jermey Keebler PhD', 'Velit quas quod temporibus magni animi ab. Hic dolor impedit vel optio. Amet maiores dolore vitae voluptas.', 3, '2020-05-18 05:22:46', '2020-05-18 05:22:46'),
(133, 1, 'Prof. Rachelle Oberbrunner Sr.', 'Delectus molestiae voluptatem delectus corrupti ipsa et. Fuga sint consequatur amet consequatur enim voluptas. Debitis earum dolor et.', 4, '2020-05-18 05:22:46', '2020-05-18 05:22:46'),
(134, 22, 'Prof. Lulu Jacobi PhD', 'Explicabo ex nulla eum quisquam sit enim. Possimus expedita explicabo qui. Delectus rerum earum molestias molestiae nesciunt.', 1, '2020-05-18 05:22:46', '2020-05-18 05:22:46'),
(135, 31, 'Adrain Lesch', 'Molestiae enim natus veniam aut. Dolor neque labore quas quas. Cum dolorem pariatur sint delectus et laudantium. Commodi nihil voluptas dolores unde velit voluptate eius qui.', 1, '2020-05-18 05:22:46', '2020-05-18 05:22:46'),
(136, 43, 'Charlie Quigley IV', 'Accusamus voluptatum numquam beatae aut quis expedita. Dolorem blanditiis rerum nam dolorem. Id dignissimos alias consequuntur dolorem.', 3, '2020-05-18 05:22:46', '2020-05-18 05:22:46'),
(137, 3, 'Euna Bednar', 'Eos aliquam accusamus labore a id commodi laborum. Deserunt nesciunt et similique molestiae quia. Accusantium fugiat odio dolores voluptatem non dolor voluptas quia.', 1, '2020-05-18 05:22:46', '2020-05-18 05:22:46'),
(138, 36, 'Prof. Quentin Glover II', 'Possimus laboriosam omnis quia a quia iusto delectus. Dolores eius voluptas cupiditate omnis. Id vel voluptates dolorem eligendi et fuga. Iste et ut minima eum minima neque nam omnis.', 3, '2020-05-18 05:22:46', '2020-05-18 05:22:46'),
(139, 9, 'Mozelle Becker', 'Sequi repudiandae voluptates omnis necessitatibus velit. Consectetur quaerat ut ipsa illum placeat error culpa. Reiciendis doloremque et dignissimos nam quo. Eius totam sint repudiandae id eligendi eligendi.', 5, '2020-05-18 05:22:46', '2020-05-18 05:22:46'),
(140, 19, 'Mr. Tommie Weimann DDS', 'Velit soluta quis nulla eum. Id optio omnis et et impedit consequatur. Facilis sit animi in maxime. Harum adipisci ut cumque.', 0, '2020-05-18 05:22:46', '2020-05-18 05:22:46'),
(141, 26, 'Jeanne Heidenreich', 'Occaecati veritatis atque voluptatem. Et accusamus aliquam a omnis qui nobis non qui. Excepturi est ratione provident eum libero et autem. Ut nobis id harum.', 5, '2020-05-18 05:22:46', '2020-05-18 05:22:46'),
(142, 5, 'Dr. Samara Borer I', 'Aliquam rerum esse voluptatum alias maxime provident eaque. Occaecati et sed nobis quo aliquam alias. Itaque ut accusantium dicta eos aliquid aut.', 2, '2020-05-18 05:22:46', '2020-05-18 05:22:46'),
(143, 25, 'Favian Lesch', 'Dolorem tempora dolor quibusdam enim qui quia. Nisi et ducimus voluptatem quam aliquid. Adipisci officiis aut a.', 5, '2020-05-18 05:22:46', '2020-05-18 05:22:46'),
(144, 36, 'Jimmie Gutkowski', 'Dolorem ipsa et rerum animi praesentium tempore perspiciatis recusandae. Est et voluptate iste voluptas laboriosam. Deserunt officiis dolorem laborum perspiciatis.', 2, '2020-05-18 05:22:46', '2020-05-18 05:22:46'),
(145, 37, 'Lia Weissnat MD', 'Reprehenderit tenetur et similique aut molestias in est. Voluptas suscipit sint enim facilis. Hic sed dignissimos laborum nobis. Et aut dicta nihil.', 4, '2020-05-18 05:22:46', '2020-05-18 05:22:46'),
(146, 19, 'Ms. Ernestina Stark', 'Non totam voluptatibus reiciendis ratione. Enim nam necessitatibus quidem accusamus voluptas quas. Et voluptatem atque velit at nisi. Eveniet assumenda quasi aut odit facilis.', 0, '2020-05-18 05:22:46', '2020-05-18 05:22:46'),
(147, 44, 'Ms. Melyssa Ledner Jr.', 'Eveniet voluptas impedit quam rerum tenetur harum fugiat. Quae architecto provident quae voluptas pariatur. Facilis molestias saepe odit laborum. Dolorem ea facere quam suscipit quam.', 5, '2020-05-18 05:22:46', '2020-05-18 05:22:46'),
(148, 10, 'Alene Leuschke', 'Et eos tempore sed aperiam qui sit quo rerum. Aliquam optio odio est non dolores temporibus dolores. Qui fugit et reprehenderit quae et consequatur repudiandae.', 3, '2020-05-18 05:22:47', '2020-05-18 05:22:47'),
(149, 23, 'Chyna Kunze', 'Distinctio nihil repudiandae rem optio sunt voluptatem accusantium. Dignissimos numquam vitae omnis. Tempore temporibus error velit. Quia iure nihil voluptas sequi. Veritatis minima sit repudiandae error.', 1, '2020-05-18 05:22:47', '2020-05-18 05:22:47'),
(150, 10, 'Jena Volkman', 'Explicabo eligendi illum veniam quidem dicta possimus. Placeat sint qui dignissimos quis. Sequi laboriosam itaque dolorem magni reiciendis quis ea. Dolorem ipsum et quam repudiandae esse exercitationem nemo. Nihil eaque non esse.', 5, '2020-05-18 05:22:47', '2020-05-18 05:22:47'),
(151, 2, 'Dina Kling', 'Omnis ipsam libero dolores consequatur aspernatur. Velit excepturi ut et ratione. Id culpa sint voluptatem dolorem at. Officia maiores sit consectetur consequatur et. Impedit assumenda magni tempore aspernatur non.', 3, '2020-05-18 05:22:47', '2020-05-18 05:22:47'),
(152, 34, 'Alford Reinger', 'Quas repellat numquam voluptatem nobis non. Eum beatae libero facere minima sapiente.', 1, '2020-05-18 05:22:47', '2020-05-18 05:22:47'),
(153, 1, 'Eva Rippin MD', 'Facere quia rerum aut temporibus. Voluptates laboriosam vel quaerat. Sunt dicta consectetur quam et nemo est est sapiente. Et quod consectetur et blanditiis sunt impedit.', 4, '2020-05-18 05:22:47', '2020-05-18 05:22:47'),
(154, 26, 'Reed Harvey', 'Autem sint doloribus quod quia nemo praesentium quae. Assumenda et ut cumque expedita qui. Tenetur magni ut qui omnis.', 1, '2020-05-18 05:22:47', '2020-05-18 05:22:47'),
(155, 30, 'Cortney McGlynn', 'Adipisci atque non quasi odio cumque id dolores. Accusantium sed totam recusandae eius quia iste. Voluptatem iusto voluptas sit vero quam. Sed nulla est earum doloremque perspiciatis.', 1, '2020-05-18 05:22:47', '2020-05-18 05:22:47'),
(156, 39, 'Frank Krajcik', 'Consequatur et quae sit rerum voluptatum excepturi. Aliquam unde cum consequatur maiores est numquam qui. Voluptatibus molestiae ducimus et eaque quod similique. Esse et et iste rerum aut nulla. Dolor ullam non pariatur neque quisquam velit sunt enim.', 0, '2020-05-18 05:22:47', '2020-05-18 05:22:47'),
(157, 44, 'Neva Gutkowski', 'Omnis quia architecto est dolor cupiditate quis veritatis. Aut illum asperiores reiciendis necessitatibus est inventore. Blanditiis voluptas praesentium enim. Perferendis dolore ipsa quasi corporis voluptas rem.', 4, '2020-05-18 05:22:47', '2020-05-18 05:22:47'),
(158, 13, 'Rozella Abshire MD', 'Voluptatibus recusandae eum quia in non consequatur similique et. Debitis quas excepturi voluptatem. Tempora repellendus maxime quo iste molestiae.', 3, '2020-05-18 05:22:47', '2020-05-18 05:22:47'),
(159, 33, 'Herbert Gulgowski V', 'Voluptatem incidunt quia enim quis rerum neque. Iusto sit unde voluptatem aut eos. Necessitatibus laboriosam fuga voluptatum aperiam praesentium vitae mollitia. Tempore vero totam provident aliquam velit dolore at.', 1, '2020-05-18 05:22:47', '2020-05-18 05:22:47'),
(160, 36, 'Miss Lucile Waelchi', 'Sit tempora inventore totam aut illo perspiciatis. Ad doloremque officia nulla quia sapiente. Itaque est vel magnam dolorem. Commodi sunt sunt temporibus et. Aut illo qui praesentium earum debitis est fugit.', 0, '2020-05-18 05:22:47', '2020-05-18 05:22:47'),
(161, 49, 'Casimir Thompson', 'Repellat repudiandae aliquid nihil aliquam enim molestias nostrum. Magnam ab qui ut rerum qui.', 3, '2020-05-18 05:22:48', '2020-05-18 05:22:48'),
(162, 40, 'Jodie Mills', 'Unde modi iure debitis commodi qui iusto aperiam praesentium. Qui dignissimos ad architecto rerum soluta molestias. Pariatur repellat consequatur consectetur in voluptates minima. Sint blanditiis reiciendis tempora ut.', 0, '2020-05-18 05:22:48', '2020-05-18 05:22:48'),
(163, 1, 'Enid Gutmann', 'Vel laborum ab sint sunt quae adipisci eveniet. Et consequatur reiciendis unde ea ut voluptate. Saepe velit itaque voluptatem accusamus eum non excepturi nulla. Molestiae expedita voluptatem inventore voluptates placeat iure.', 4, '2020-05-18 05:22:48', '2020-05-18 05:22:48'),
(164, 23, 'Ron Davis', 'Quam est id et dolorum nam quibusdam. Vitae sapiente fugit voluptas veritatis excepturi. Beatae aut dolor quae reiciendis quia. Sunt voluptate animi pariatur sint nobis ipsum consequatur aliquam.', 4, '2020-05-18 05:22:48', '2020-05-18 05:22:48'),
(165, 2, 'Dr. Eddie Dare', 'Molestias error officiis voluptas reiciendis ipsa. Quis et ex voluptates nihil vitae occaecati. Non enim amet id repellat. Aliquid voluptates et rerum totam.', 5, '2020-05-18 05:22:48', '2020-05-18 05:22:48'),
(166, 45, 'Susana Flatley III', 'Illo ratione quis sed qui. Ullam eaque et qui possimus. Ut aspernatur asperiores qui voluptatum.', 0, '2020-05-18 05:22:48', '2020-05-18 05:22:48'),
(167, 25, 'Ocie Rice', 'Voluptatibus sunt non rerum sed quisquam deleniti. Molestiae nobis quis et. Illum hic laboriosam aut praesentium molestias ad cumque. Sed cumque ex ut repellendus.', 4, '2020-05-18 05:22:48', '2020-05-18 05:22:48'),
(168, 48, 'Ansley Hartmann', 'Ea hic quasi atque eos repellat asperiores nobis perspiciatis. Ut consequatur laboriosam occaecati aperiam similique nobis nemo itaque. Totam voluptatum repellendus quam voluptates officia officiis quo. Quia ut reprehenderit pariatur rerum.', 2, '2020-05-18 05:22:48', '2020-05-18 05:22:48'),
(169, 6, 'Prof. Hadley Kozey IV', 'Voluptatem ex cupiditate et. Et numquam optio qui sapiente in nisi ad. Alias error quibusdam nulla et fugit.', 2, '2020-05-18 05:22:48', '2020-05-18 05:22:48'),
(170, 11, 'Everette Grimes', 'At vero sed et quibusdam. Quo quo porro necessitatibus et. Ea vel dolores dolor dicta quia rerum.', 1, '2020-05-18 05:22:48', '2020-05-18 05:22:48'),
(171, 14, 'Prof. Arvel Mosciski', 'Necessitatibus inventore deleniti cum et harum saepe quia. Voluptatem exercitationem ipsum qui voluptate. Autem vel dolor nihil laudantium dolores sit explicabo.', 2, '2020-05-18 05:22:48', '2020-05-18 05:22:48'),
(172, 23, 'Dr. Uriah Haag', 'Est quasi dignissimos sint qui aperiam enim quia corrupti. Velit dolorem dolorum quia quia sint. Repellendus velit hic cumque sint maiores ut.', 1, '2020-05-18 05:22:48', '2020-05-18 05:22:48'),
(173, 8, 'Tad Nikolaus', 'Neque modi minus accusamus error suscipit necessitatibus sapiente maxime. Quibusdam perspiciatis nostrum quos vitae sed eius iusto laboriosam. Occaecati quia excepturi odit minus et adipisci.', 0, '2020-05-18 05:22:48', '2020-05-18 05:22:48'),
(174, 10, 'Earl Stanton', 'Est in ipsa et magni error quia doloremque. Qui consequuntur id facere officia accusantium. Iste accusantium necessitatibus nemo.', 2, '2020-05-18 05:22:48', '2020-05-18 05:22:48'),
(175, 15, 'Arely Haley', 'Expedita eos aut natus. Et quam omnis placeat sint. Tempore ratione nulla officiis repudiandae possimus.', 1, '2020-05-18 05:22:48', '2020-05-18 05:22:48'),
(176, 32, 'Nicholas Schumm', 'Non laudantium magnam explicabo enim sit. Deserunt voluptates voluptatem sint aspernatur. Facere corrupti exercitationem earum qui et illo similique.', 5, '2020-05-18 05:22:48', '2020-05-18 05:22:48'),
(177, 31, 'Curtis Russel', 'Autem vel quo consectetur explicabo animi. Quae debitis nulla exercitationem totam. In facilis debitis corporis velit.', 5, '2020-05-18 05:22:48', '2020-05-18 05:22:48'),
(178, 34, 'Ruben Nitzsche DVM', 'Voluptate fugit omnis labore deleniti maiores non. Eos recusandae ipsa dolore quam. Occaecati et soluta rem velit. In optio distinctio eum recusandae aut. Ea magni velit maxime esse sequi accusantium.', 0, '2020-05-18 05:22:48', '2020-05-18 05:22:48'),
(179, 9, 'Mr. Stuart Schneider III', 'Beatae et inventore ab. Qui molestias accusamus ad quidem. Amet nihil deserunt minima dolorum repellendus minus.', 2, '2020-05-18 05:22:48', '2020-05-18 05:22:48'),
(180, 12, 'Tiara Steuber MD', 'Quas quis impedit porro dignissimos non. Quia distinctio autem accusantium et similique explicabo et. Mollitia non amet excepturi alias sit occaecati nisi provident. Illum atque vero est iure recusandae autem ratione eaque.', 4, '2020-05-18 05:22:49', '2020-05-18 05:22:49'),
(181, 19, 'Violette Kutch', 'Blanditiis alias eum id reprehenderit numquam voluptatem possimus. Quibusdam earum cum rerum. Corrupti consequatur deleniti quia voluptas tempora vel. Quidem et accusantium aliquid expedita atque explicabo.', 0, '2020-05-18 05:22:49', '2020-05-18 05:22:49'),
(182, 10, 'Cali Lakin III', 'Corrupti dignissimos cumque enim reiciendis. Et consequatur asperiores rerum doloremque. Aperiam nihil mollitia quis deleniti. Quo labore qui in distinctio sit quidem ut.', 5, '2020-05-18 05:22:49', '2020-05-18 05:22:49'),
(183, 9, 'Catharine Hirthe Sr.', 'Distinctio et optio aspernatur praesentium earum. Qui enim ut totam optio unde dicta officiis.', 0, '2020-05-18 05:22:49', '2020-05-18 05:22:49'),
(184, 47, 'Damaris Funk', 'Optio et sit animi sit maiores porro ab. Quis labore enim praesentium nostrum. Facilis et id et. Ex inventore nemo sit dolores placeat.', 3, '2020-05-18 05:22:49', '2020-05-18 05:22:49'),
(185, 6, 'Claire Daniel', 'Aliquam assumenda dolores officiis quasi modi. Architecto necessitatibus voluptas odit tempore quo temporibus. Est amet sit ea quo consequatur aliquam.', 0, '2020-05-18 05:22:49', '2020-05-18 05:22:49'),
(186, 11, 'Dr. Tiana Champlin', 'Dicta iure minus qui consectetur ipsam omnis. Sint voluptates ad praesentium. Assumenda autem tempore voluptas tempore.', 0, '2020-05-18 05:22:49', '2020-05-18 05:22:49'),
(187, 17, 'Libby Vandervort', 'Qui quidem at dicta ipsam odio. Corporis ipsam velit quia delectus et numquam qui. A odit ad consequuntur non tenetur repudiandae praesentium. Explicabo fuga et non autem unde illum sed sit.', 0, '2020-05-18 05:22:49', '2020-05-18 05:22:49'),
(188, 13, 'Prof. Ramona Bergnaum MD', 'Reprehenderit expedita commodi sequi non. Sequi dignissimos aut unde aut. Non adipisci non optio temporibus. Maxime et nemo soluta doloremque et vero.', 2, '2020-05-18 05:22:49', '2020-05-18 05:22:49'),
(189, 7, 'Natalia Rowe', 'In et iure nihil. Possimus non consectetur nihil placeat. Eum adipisci alias et amet architecto aliquam. Quia ratione accusamus iste placeat ipsum ut.', 1, '2020-05-18 05:22:49', '2020-05-18 05:22:49'),
(190, 48, 'Mrs. Carlotta Lehner', 'Consectetur nostrum voluptatem quaerat. Quasi ut perspiciatis ea earum. Ad ullam eaque ad eum.', 5, '2020-05-18 05:22:49', '2020-05-18 05:22:49'),
(191, 23, 'Vada Wolff', 'Doloremque doloribus inventore mollitia. Omnis voluptates dolor maiores accusamus et. Atque velit totam eos possimus tenetur.', 1, '2020-05-18 05:22:49', '2020-05-18 05:22:49'),
(192, 8, 'Susana Kozey II', 'Dolor est voluptatem ab non voluptas. Accusamus omnis maiores atque ratione. Deserunt quia rerum voluptas qui perferendis ipsam in nulla.', 4, '2020-05-18 05:22:49', '2020-05-18 05:22:49'),
(193, 32, 'Priscilla Cruickshank', 'Vitae et temporibus esse tempora. Necessitatibus laudantium quia totam quis tenetur. Unde laboriosam architecto earum accusamus eos aut odit.', 5, '2020-05-18 05:22:49', '2020-05-18 05:22:49'),
(194, 45, 'Philip Crooks', 'Consequatur voluptas aut corrupti animi illum facere. Voluptatem deleniti in nihil enim nobis est. Ab asperiores harum asperiores est quos. Corporis eos unde quam iure in minima in excepturi.', 1, '2020-05-18 05:22:49', '2020-05-18 05:22:49'),
(195, 50, 'Jermaine McKenzie', 'Sapiente dolorum et voluptates dolorem suscipit perspiciatis. Assumenda vitae sint non in debitis occaecati unde.', 3, '2020-05-18 05:22:49', '2020-05-18 05:22:49'),
(196, 33, 'Dr. Jarred Welch', 'Unde omnis eos quia reiciendis ex odit. Id necessitatibus ipsam accusamus est culpa similique dolores. Doloremque est porro sint reprehenderit.', 1, '2020-05-18 05:22:49', '2020-05-18 05:22:49'),
(197, 17, 'Prof. Chandler Armstrong I', 'Eum fugiat quia corrupti nostrum quia. Qui nobis fugiat est quod. Perferendis ab aut nihil libero amet. Error ex itaque aut rerum impedit quod placeat occaecati. Et ut voluptatem aut voluptas similique facere laboriosam.', 3, '2020-05-18 05:22:49', '2020-05-18 05:22:49'),
(198, 8, 'Oran Franecki PhD', 'Doloremque consectetur dolores qui pariatur ab voluptas. Dicta dolores consequatur ipsum et sint quos libero et. Aut quia saepe dolor sunt.', 2, '2020-05-18 05:22:49', '2020-05-18 05:22:49'),
(199, 39, 'Gregg Kovacek DVM', 'Adipisci veritatis amet dolor cumque. Similique voluptas laboriosam asperiores quo. Consequatur facere et eum in nobis et maxime.', 4, '2020-05-18 05:22:49', '2020-05-18 05:22:49'),
(200, 4, 'Shakira Hoppe', 'Et excepturi fugit et. Reiciendis eveniet officia ab. Aut voluptate assumenda ipsa vel sit ipsam dolorem. Assumenda praesentium possimus et itaque aut.', 5, '2020-05-18 05:22:49', '2020-05-18 05:22:49'),
(201, 31, 'Dr. Payton Halvorson', 'Ut repellat et odit. Sed maiores ex cumque sint. Voluptatibus dolor dicta natus fugit ex est. Minus consequatur est beatae iste labore soluta.', 2, '2020-05-18 05:22:50', '2020-05-18 05:22:50'),
(202, 42, 'Elizabeth Mitchell', 'Incidunt ea odio velit quidem sed sint id. Facilis harum amet eum sequi. Suscipit quia sunt hic molestiae aut consequatur.', 2, '2020-05-18 05:22:50', '2020-05-18 05:22:50'),
(203, 49, 'Brock Nitzsche', 'Facere voluptatibus voluptas nisi enim repudiandae. Ut quo odit nihil aut dolor nisi debitis molestiae. Ratione modi voluptatibus quo fugiat qui. Similique tenetur atque sint est.', 4, '2020-05-18 05:22:50', '2020-05-18 05:22:50'),
(204, 41, 'Marcelle Roberts', 'Sapiente deleniti quaerat maiores ducimus. Praesentium sed iusto qui fugiat repellendus quia repudiandae eveniet. Earum esse rem repellendus recusandae voluptatum.', 0, '2020-05-18 05:22:50', '2020-05-18 05:22:50'),
(205, 16, 'Arne Abernathy MD', 'Placeat a aut et consequuntur dicta voluptate. Tempore ab minima assumenda. Veritatis reprehenderit consequatur aspernatur facere et consequatur. Distinctio ut sunt eos exercitationem ut voluptates velit.', 2, '2020-05-18 05:22:50', '2020-05-18 05:22:50'),
(206, 48, 'Blaze Heller DVM', 'Ut numquam consequuntur quia delectus est. Omnis vel perferendis iste. In soluta qui sed ea. Eveniet occaecati et eligendi reiciendis molestiae laudantium dolorum. Qui est nobis omnis aut qui.', 4, '2020-05-18 05:22:50', '2020-05-18 05:22:50'),
(207, 26, 'Prof. Ayana Hane III', 'Inventore et illum itaque nostrum sed. Quasi aut modi laudantium sed. Tempora quibusdam impedit et molestiae vel est.', 2, '2020-05-18 05:22:50', '2020-05-18 05:22:50'),
(208, 22, 'Alessia Daniel', 'Cumque quibusdam similique possimus omnis eum. Corrupti illo vitae aut nihil. Nobis perspiciatis eaque cumque. Corrupti sint natus doloribus dolores odio velit.', 2, '2020-05-18 05:22:50', '2020-05-18 05:22:50'),
(209, 20, 'Veronica Heaney', 'Cum porro et error veniam delectus amet at. Accusamus molestiae distinctio temporibus aspernatur non. Numquam quo iusto animi inventore consequatur sit quia laudantium. Consectetur delectus possimus necessitatibus iste aliquid soluta at.', 5, '2020-05-18 05:22:50', '2020-05-18 05:22:50'),
(210, 10, 'Furman Goldner DDS', 'Impedit cupiditate error aut occaecati impedit et tempora. Voluptates hic magnam rerum laborum ipsum. Voluptate quae eum ipsam aut sed.', 2, '2020-05-18 05:22:50', '2020-05-18 05:22:50');
INSERT INTO `reviews` (`id`, `product_id`, `customer`, `review`, `star`, `created_at`, `updated_at`) VALUES
(211, 35, 'Korey Torphy', 'Et corrupti ducimus iure nulla distinctio sit. Facilis hic sed et voluptas ut alias.', 5, '2020-05-18 05:22:50', '2020-05-18 05:22:50'),
(212, 37, 'Shania Simonis', 'Ut est eum et odio alias aut quibusdam. Et inventore aliquam alias aspernatur. Qui quod deserunt quam atque. Neque consectetur impedit eum saepe.', 1, '2020-05-18 05:22:50', '2020-05-18 05:22:50'),
(213, 47, 'Antonetta Dooley', 'Officiis nesciunt tempore ex amet voluptates temporibus dolor. Dicta rerum dolor tempore et. Aut ratione maiores reprehenderit ea.', 5, '2020-05-18 05:22:50', '2020-05-18 05:22:50'),
(214, 28, 'Prof. Chelsea Funk', 'Sit ut quia dolores deleniti itaque repudiandae. Corrupti nostrum qui molestias officia. Numquam laudantium ratione et rerum nobis perspiciatis id ut.', 1, '2020-05-18 05:22:50', '2020-05-18 05:22:50'),
(215, 49, 'Karlee Stracke', 'Repudiandae et corporis quis sapiente aut et illum facilis. Nesciunt delectus dolorem hic incidunt. At rerum perferendis fuga ex qui. Aspernatur ratione et occaecati corporis.', 5, '2020-05-18 05:22:50', '2020-05-18 05:22:50'),
(216, 24, 'Curtis Swaniawski', 'Voluptatem ea harum eveniet corporis nam suscipit repudiandae. Accusamus mollitia earum necessitatibus praesentium aliquid et doloremque. Impedit labore eveniet harum veritatis sint debitis. Est autem distinctio voluptatibus facere. Quia laboriosam et itaque tenetur iusto rerum quisquam.', 5, '2020-05-18 05:22:50', '2020-05-18 05:22:50'),
(217, 8, 'Mr. Kim Gulgowski', 'Quos omnis dolorem hic perspiciatis adipisci nesciunt. Molestiae sit ratione quia voluptas qui aut provident aperiam. Quasi aut eius quibusdam sunt optio ipsa. Dolor sunt doloribus laudantium non.', 4, '2020-05-18 05:22:50', '2020-05-18 05:22:50'),
(218, 13, 'Ara Jast', 'Cumque consequatur quidem et corrupti tenetur pariatur voluptas. Eveniet ab ex dolorum omnis debitis maxime.', 1, '2020-05-18 05:22:50', '2020-05-18 05:22:50'),
(219, 12, 'Karley Heaney', 'Magni molestiae necessitatibus expedita voluptates. Nesciunt possimus dolores et doloremque occaecati quos autem. Non ab nesciunt dolorum qui quos consequatur a. Asperiores quae nesciunt et nobis praesentium et.', 2, '2020-05-18 05:22:50', '2020-05-18 05:22:50'),
(220, 45, 'Tomasa Rohan', 'Voluptatem culpa illum impedit sint ea laudantium et. Totam qui corrupti a reiciendis rerum. Corrupti corporis architecto explicabo architecto ipsa.', 0, '2020-05-18 05:22:50', '2020-05-18 05:22:50'),
(221, 41, 'Jeanie Maggio', 'Vel in tempore voluptatum est. Minus eos non modi ut tempora eos ut. Itaque omnis blanditiis ut officiis sint. Incidunt qui pariatur quos doloremque rerum.', 0, '2020-05-18 05:22:51', '2020-05-18 05:22:51'),
(222, 18, 'Henriette Jast', 'Maiores exercitationem eum sed ex. Vel quas illum suscipit ut nesciunt ipsum dolores. Nostrum recusandae in ea nam aperiam.', 3, '2020-05-18 05:22:51', '2020-05-18 05:22:51'),
(223, 7, 'Name Brown V', 'Est sit voluptas culpa officiis quaerat inventore expedita. Voluptatibus laudantium mollitia quod non ducimus expedita. Rem vel perferendis voluptates earum et totam voluptas est.', 0, '2020-05-18 05:22:51', '2020-05-18 05:22:51'),
(224, 17, 'Tremayne Deckow PhD', 'Ab provident commodi rerum vel a quis. Enim ea blanditiis nulla et consequatur error autem. Sunt a nemo harum magni nam.', 3, '2020-05-18 05:22:51', '2020-05-18 05:22:51'),
(225, 48, 'Rachelle Wiegand', 'Asperiores dolorem similique dolorum esse repudiandae ut a. Est nemo qui provident tempora et. Assumenda non qui magnam alias perspiciatis ipsa aut. Dicta nobis cum tenetur omnis recusandae architecto.', 2, '2020-05-18 05:22:51', '2020-05-18 05:22:51'),
(226, 17, 'Erwin Howe', 'Rerum et eligendi modi aliquid earum aspernatur qui quidem. Mollitia quo repellat delectus tenetur magni. Iusto reprehenderit atque officia eaque aut reiciendis et. Totam neque est veniam id et et qui minus.', 1, '2020-05-18 05:22:51', '2020-05-18 05:22:51'),
(227, 35, 'Dr. Bailee Weimann PhD', 'Quidem cum enim quia nemo facilis voluptatem. Fuga nihil perspiciatis necessitatibus corrupti repudiandae. Id placeat neque suscipit omnis et aut. Est distinctio enim consequatur nemo vel voluptatem culpa doloremque.', 4, '2020-05-18 05:22:51', '2020-05-18 05:22:51'),
(228, 18, 'Deron Franecki', 'Sit aperiam id quia dolores laborum dicta. Quos inventore velit ut nemo ut sed. Mollitia consequatur beatae vitae amet inventore omnis pariatur. Dolores ea cumque inventore dolores eos. Aperiam pariatur ducimus ea maxime ipsa ea voluptas.', 0, '2020-05-18 05:22:51', '2020-05-18 05:22:51'),
(229, 47, 'Aileen Miller', 'Deserunt sed eos sit tempore. At voluptatibus sequi dicta numquam. Consequatur alias perspiciatis accusamus dolor.', 2, '2020-05-18 05:22:51', '2020-05-18 05:22:51'),
(230, 33, 'Odie Weber DVM', 'Suscipit enim occaecati quis maxime. Nam consequatur voluptatibus voluptas qui fuga et. Aut id et aut saepe alias nam. Enim alias amet voluptas officia itaque.', 2, '2020-05-18 05:22:51', '2020-05-18 05:22:51'),
(231, 1, 'Miss Nya Bogan DVM', 'Vel odio et qui. Non culpa enim exercitationem et. Nostrum voluptatem debitis debitis nam quia a. Error quia voluptas culpa minima qui.', 4, '2020-05-18 05:22:51', '2020-05-18 05:22:51'),
(232, 35, 'Mr. Jerrold Roberts IV', 'Itaque eos aspernatur est quo reiciendis dolores sit. Corrupti culpa aspernatur corporis ipsum. Maiores cumque et voluptas veniam similique. Aut doloribus sint natus sit dolorum labore delectus.', 2, '2020-05-18 05:22:51', '2020-05-18 05:22:51'),
(233, 33, 'Miss Sabrina Kunde', 'Earum beatae voluptas sapiente odit consequatur fuga. Autem consequatur est facere et dolores deleniti. Ea sed minus beatae tenetur sit animi sed.', 1, '2020-05-18 05:22:51', '2020-05-18 05:22:51'),
(234, 7, 'Prof. Solon Mitchell III', 'Sequi non cupiditate similique culpa facere id accusantium. Sint sed vero quidem iusto quis quam. Animi incidunt aliquam dignissimos.', 2, '2020-05-18 05:22:51', '2020-05-18 05:22:51'),
(235, 16, 'Rhoda Turner', 'Eos libero est possimus nostrum occaecati odio culpa. Et temporibus ipsum voluptatum omnis. Molestiae magni et perspiciatis ut impedit soluta. Quo ullam adipisci adipisci ipsum.', 3, '2020-05-18 05:22:51', '2020-05-18 05:22:51'),
(236, 2, 'Mr. Dylan McCullough IV', 'Repellat nam fugit ipsa ut totam odio maxime. Nam distinctio saepe ut laborum et aspernatur. Quis ea praesentium harum voluptas aut sequi.', 0, '2020-05-18 05:22:51', '2020-05-18 05:22:51'),
(237, 46, 'Chasity Kuhn', 'Sint rem totam qui maxime est exercitationem. Libero ipsam sint commodi assumenda aut. Consequatur repellendus eligendi cumque veniam dignissimos.', 2, '2020-05-18 05:22:51', '2020-05-18 05:22:51'),
(238, 28, 'Dr. Wade Hackett PhD', 'Cumque vel enim a. Harum sed est voluptas labore. Velit est qui ipsa atque neque.', 1, '2020-05-18 05:22:51', '2020-05-18 05:22:51'),
(239, 22, 'Isaiah Considine Sr.', 'Aut accusantium voluptatem dolore. Voluptas aut quibusdam omnis minima optio consequatur. In odit ut numquam labore numquam illum.', 0, '2020-05-18 05:22:52', '2020-05-18 05:22:52'),
(240, 18, 'Miss Kianna Grimes', 'Officiis velit doloremque quis voluptatibus. Numquam qui hic recusandae optio recusandae repellat. Nihil odio reprehenderit nam quia corporis facilis tenetur animi. Qui cum facilis qui consequuntur.', 2, '2020-05-18 05:22:52', '2020-05-18 05:22:52'),
(241, 12, 'Delaney Koelpin', 'Totam quia in perferendis deserunt dolor. Maiores necessitatibus et officia. Veniam et libero repudiandae facere.', 5, '2020-05-18 05:22:52', '2020-05-18 05:22:52'),
(242, 45, 'Mr. Mark Feil III', 'Quia quas nihil cupiditate est et eos. Qui dolores voluptates quia fugiat qui. Eum accusamus quibusdam necessitatibus sint tempora rerum iure sit. Enim culpa rem et qui ut beatae.', 3, '2020-05-18 05:22:52', '2020-05-18 05:22:52'),
(243, 42, 'Prof. Sophie O\'Reilly', 'Quia deleniti tempora odit. Cumque nemo ut sit quaerat repellat. Voluptas ipsam id veniam sit. Minus voluptatum voluptatum quidem nostrum doloremque sit sed.', 0, '2020-05-18 05:22:52', '2020-05-18 05:22:52'),
(244, 15, 'Tessie Runolfsson', 'Iure deleniti quaerat cum rem dolore ipsum iste. Soluta dolores quis eos tenetur dolor dolores. Enim provident earum sit. Iusto quia consequatur nemo aut.', 0, '2020-05-18 05:22:52', '2020-05-18 05:22:52'),
(245, 27, 'Leo Veum II', 'Distinctio consequatur qui qui distinctio et alias. Voluptas doloribus nesciunt sint. Rerum qui commodi eum dolor non expedita.', 4, '2020-05-18 05:22:52', '2020-05-18 05:22:52'),
(246, 36, 'Dr. Rowland Langosh II', 'Natus in non voluptatem officia. Labore aut eos ipsa aut nesciunt dolore perspiciatis. Corporis libero nihil et vel. Ducimus cum voluptatibus et veniam consequatur ut.', 3, '2020-05-18 05:22:52', '2020-05-18 05:22:52'),
(247, 21, 'Ruthe Mohr Jr.', 'Velit amet aut non autem quis et. Reprehenderit ad enim recusandae veritatis. Omnis rerum autem molestiae dolore ea voluptate. Sit labore in et blanditiis.', 2, '2020-05-18 05:22:52', '2020-05-18 05:22:52'),
(248, 40, 'Alek Conn', 'Deserunt cumque beatae alias. Consectetur qui rem voluptatem accusamus. Est nesciunt deleniti quas quia repellat porro placeat. Unde est dicta est eveniet aliquam veniam ea.', 4, '2020-05-18 05:22:52', '2020-05-18 05:22:52'),
(249, 4, 'Edison Reilly', 'Accusantium magni commodi tempora explicabo magni nobis. Aliquam sit culpa delectus et et et. Laudantium dolorem non quibusdam consequuntur aut aut. Qui et veritatis et eum illo necessitatibus magni qui.', 4, '2020-05-18 05:22:52', '2020-05-18 05:22:52'),
(250, 6, 'Sarai Gislason', 'Magnam animi consequatur quibusdam modi. Corrupti autem magni voluptatum sint reprehenderit tempore quas consectetur. Amet minima sit unde tenetur in. Quos qui quam qui aut beatae dignissimos.', 1, '2020-05-18 05:22:52', '2020-05-18 05:22:52'),
(251, 3, 'Kamren Quigley', 'Eius possimus laborum nisi fugiat incidunt et ad. Nulla sit quam at nihil facere. Tempora sunt sed consequatur explicabo blanditiis tenetur. Facilis architecto omnis omnis.', 2, '2020-05-18 05:22:53', '2020-05-18 05:22:53'),
(252, 24, 'Dr. Name Wunsch', 'Numquam ad et deserunt est et. Qui ipsum quibusdam natus enim ratione iure laudantium. Quidem ad occaecati dolores.', 3, '2020-05-18 05:22:53', '2020-05-18 05:22:53'),
(253, 18, 'Bell Gottlieb', 'Aut accusamus excepturi exercitationem dolor nostrum consequuntur ipsum. Consectetur dolores laudantium officiis excepturi iste tempora. Ipsa dolorum tempora repellendus ab optio ut.', 2, '2020-05-18 05:22:53', '2020-05-18 05:22:53'),
(254, 37, 'Jane Gusikowski', 'Iste doloribus impedit nostrum officia libero dolores est. Aut temporibus non aliquid pariatur accusantium ducimus sed. Dicta omnis minus ab et et veritatis.', 2, '2020-05-18 05:22:53', '2020-05-18 05:22:53'),
(255, 3, 'Samara Schuster PhD', 'Molestiae iusto magnam voluptate quos omnis unde. Molestias voluptatem expedita et quibusdam. Dolore repellendus at quam.', 0, '2020-05-18 05:22:53', '2020-05-18 05:22:53'),
(256, 43, 'Laron Beier', 'Nam veritatis voluptatem aliquid eos ab et hic inventore. Nihil voluptate modi dolores adipisci esse qui. Saepe velit omnis distinctio modi.', 4, '2020-05-18 05:22:53', '2020-05-18 05:22:53'),
(257, 23, 'Cordia Ward', 'Similique officiis magni porro et tempora. Et est earum vero unde et. Reprehenderit est aut delectus provident.', 2, '2020-05-18 05:22:53', '2020-05-18 05:22:53'),
(258, 26, 'Leonel Schmidt', 'Expedita illum vitae nobis a. Quia et aspernatur deserunt ad. Aut non asperiores voluptatem ut quod voluptates animi.', 5, '2020-05-18 05:22:53', '2020-05-18 05:22:53'),
(259, 43, 'Aidan Tremblay', 'At quod asperiores tempore iusto. Dolorum vel alias dolores consequatur sed sint fugit. Voluptas laborum culpa voluptas vero. Aspernatur non mollitia dignissimos id.', 4, '2020-05-18 05:22:53', '2020-05-18 05:22:53'),
(260, 37, 'Pauline Weissnat', 'Dolorem quo aliquid magni perspiciatis. Maxime vel molestiae molestiae dolorem quo est.', 3, '2020-05-18 05:22:53', '2020-05-18 05:22:53'),
(261, 34, 'Dr. Damion Schamberger II', 'Vel quo a facilis sunt velit. Modi atque ea natus expedita velit molestiae pariatur. Et omnis doloremque et iure quibusdam.', 3, '2020-05-18 05:22:53', '2020-05-18 05:22:53'),
(262, 33, 'Mr. Alfred Pfannerstill', 'Earum hic rem ut minus impedit. Eveniet asperiores consequatur quibusdam consectetur ipsam. Nobis qui repudiandae reprehenderit soluta ipsum. Qui ex nostrum minus et quaerat itaque.', 4, '2020-05-18 05:22:53', '2020-05-18 05:22:53'),
(263, 26, 'Emelia Blanda', 'Incidunt sunt eum est eligendi. Et velit totam perspiciatis non porro aut dolor. Harum qui ab sunt ab.', 0, '2020-05-18 05:22:53', '2020-05-18 05:22:53'),
(264, 12, 'Brionna Kreiger', 'Quo et reprehenderit vitae alias natus. Dolor sint ut et. Tempore accusamus doloremque nihil fuga in illum dolore.', 1, '2020-05-18 05:22:53', '2020-05-18 05:22:53'),
(265, 34, 'Rex Oberbrunner', 'Voluptatibus est in labore soluta quidem. Mollitia cum sit dolor necessitatibus consequatur commodi ipsam. Ut ipsa totam sint nostrum ut nemo.', 5, '2020-05-18 05:22:53', '2020-05-18 05:22:53'),
(266, 31, 'Mr. Karley Klocko IV', 'Enim porro ea mollitia adipisci et unde. Aliquid rem ducimus ea cum quam rem est. Dolores at quia neque aperiam.', 1, '2020-05-18 05:22:53', '2020-05-18 05:22:53'),
(267, 5, 'Ashlee Hahn', 'Id tempora voluptatum quisquam quos. Numquam iusto dolores rerum qui voluptas omnis odio. Vel ut et amet in aut voluptatibus qui. Molestias excepturi optio aut enim et quam sapiente dolorum.', 5, '2020-05-18 05:22:53', '2020-05-18 05:22:53'),
(268, 47, 'Alec Daugherty', 'Consequuntur sunt dolorum pariatur aspernatur quisquam quidem consequatur numquam. Inventore soluta rem rerum iure magni mollitia error. Consequatur qui voluptatem et velit qui assumenda.', 5, '2020-05-18 05:22:53', '2020-05-18 05:22:53'),
(269, 7, 'Arnaldo Nitzsche', 'Provident in molestiae culpa libero quisquam quae quaerat vel. Sapiente molestiae qui aspernatur et. In quae ut qui ut aperiam.', 5, '2020-05-18 05:22:53', '2020-05-18 05:22:53'),
(270, 47, 'Roslyn Kunde', 'Error dolore accusamus ab neque occaecati. Doloremque quia cumque ratione.', 1, '2020-05-18 05:22:54', '2020-05-18 05:22:54'),
(271, 34, 'Daron Glover II', 'Nisi illum voluptates et amet voluptates. Rerum aut et nihil et ea quis voluptatum. Provident harum mollitia aut cupiditate quis quae. Illum quis ipsa perferendis ut cum.', 1, '2020-05-18 05:22:54', '2020-05-18 05:22:54'),
(272, 1, 'Jairo Strosin', 'Sed ipsum et molestiae. Tempora doloribus magnam et rerum. Accusamus quia qui et et.', 0, '2020-05-18 05:22:54', '2020-05-18 05:22:54'),
(273, 35, 'Mr. Royce Marvin I', 'Ullam quia in vero. Similique vero provident dicta voluptatum. Ipsa sed laudantium dolor esse quibusdam. Labore recusandae quo autem ratione quis.', 5, '2020-05-18 05:22:54', '2020-05-18 05:22:54'),
(274, 25, 'Deanna Heaney', 'Corporis sit quidem ut provident consequatur assumenda. Aut corporis debitis suscipit qui voluptatem quos. Aliquid ut quo recusandae quia tenetur qui quia. Et et enim ut ut sit ab.', 5, '2020-05-18 05:22:54', '2020-05-18 05:22:54'),
(275, 6, 'Prof. Josue Bednar', 'Enim et optio qui et rem. Velit nisi consectetur vero quod. Consectetur ipsa dicta ducimus quam sint. Sed aut accusamus exercitationem culpa ab dolorem. Maiores consectetur beatae cupiditate tenetur architecto provident.', 5, '2020-05-18 05:22:54', '2020-05-18 05:22:54'),
(276, 20, 'Demarco Funk', 'Consequuntur aut earum ut dolorem et. Non eum soluta dolore est amet. Quisquam occaecati eum consectetur voluptatibus. Fuga cumque optio sed quae voluptatem incidunt quia.', 5, '2020-05-18 05:22:54', '2020-05-18 05:22:54'),
(277, 17, 'Mr. Abel Rau II', 'Nam eveniet recusandae inventore. Minus eos nulla voluptas ratione nam reiciendis tenetur. Amet sint dolores dolorem omnis porro officia est. Ex quia quia asperiores aliquam. Fugit explicabo perspiciatis illo et temporibus.', 1, '2020-05-18 05:22:54', '2020-05-18 05:22:54'),
(278, 11, 'Dr. Dovie Marquardt', 'Deserunt inventore sit expedita omnis. Sunt occaecati voluptatem blanditiis veritatis voluptatem unde. Ut quia ut vel exercitationem.', 1, '2020-05-18 05:22:54', '2020-05-18 05:22:54'),
(279, 37, 'Randy Walsh', 'Excepturi autem molestiae sapiente animi. Vitae adipisci mollitia suscipit. Libero est neque sit unde.', 5, '2020-05-18 05:22:54', '2020-05-18 05:22:54'),
(280, 12, 'Leonor Turcotte', 'Laudantium labore quis consequatur sed alias. Officiis dolores est sed.', 5, '2020-05-18 05:22:54', '2020-05-18 05:22:54'),
(281, 26, 'Mrs. Aimee Wunsch DDS', 'Est unde velit inventore pariatur maiores dolor quaerat. Hic rerum fugiat incidunt labore voluptas dolorem laudantium. Voluptas eum alias explicabo. Quo laudantium voluptas rerum quod reiciendis eos vel. Adipisci ut ut ipsam accusantium.', 3, '2020-05-18 05:22:54', '2020-05-18 05:22:54'),
(282, 43, 'Christine Bruen', 'A laudantium aut odit iste ut rerum. Fuga optio non voluptates fugit. Excepturi aut sapiente quia. Natus voluptas qui dolores et est.', 3, '2020-05-18 05:22:54', '2020-05-18 05:22:54'),
(283, 13, 'Prof. Nathan Weissnat', 'Facilis recusandae maiores in et. Nihil suscipit fuga voluptas consequatur totam aspernatur perferendis. Ad magnam adipisci quia excepturi quibusdam omnis est officiis.', 1, '2020-05-18 05:22:54', '2020-05-18 05:22:54'),
(284, 44, 'Dr. Issac Torp', 'Et delectus eveniet ea. Modi dignissimos eum enim suscipit veniam voluptatem. Inventore illum voluptate eos fugiat eius.', 0, '2020-05-18 05:22:54', '2020-05-18 05:22:54'),
(285, 31, 'Eulalia Turner', 'Omnis omnis ut iste reiciendis. Quo consequatur commodi rem nesciunt reiciendis. Exercitationem sed harum rem error. Omnis a earum veniam repellat.', 0, '2020-05-18 05:22:54', '2020-05-18 05:22:54'),
(286, 36, 'Garry Robel', 'Suscipit qui non sapiente qui minus. Deleniti ab quis iure dolorem veniam. Rerum placeat nihil dicta iusto molestiae possimus iure.', 0, '2020-05-18 05:22:54', '2020-05-18 05:22:54'),
(287, 21, 'Leann Kuhn', 'Fugit sit nemo vitae consequatur maxime omnis. Animi minus optio dolores necessitatibus sed id. Et nulla qui praesentium eligendi dolores. Corrupti qui est dicta rerum.', 2, '2020-05-18 05:22:54', '2020-05-18 05:22:54'),
(288, 39, 'Jackson Bahringer', 'Non qui et eaque voluptate odio. Et error fugiat iure fuga. Eaque facilis temporibus rem. Tenetur illum quo mollitia voluptatem et corrupti ipsa dicta.', 4, '2020-05-18 05:22:54', '2020-05-18 05:22:54'),
(289, 8, 'Mr. Everardo Mosciski', 'Aut nesciunt rerum consectetur amet. Maxime et et veritatis consectetur.', 3, '2020-05-18 05:22:55', '2020-05-18 05:22:55'),
(290, 45, 'Robb Kunde', 'Provident ut saepe iste. Nihil dolor expedita eos libero. Fugit molestiae ut aut ut. Qui pariatur velit dolorum sit.', 4, '2020-05-18 05:22:55', '2020-05-18 05:22:55'),
(291, 41, 'Bryon Pollich', 'Et voluptatem nemo fugiat mollitia voluptatem mollitia et quo. Eos nemo enim nam amet omnis sit minus. Quia aut hic voluptatem temporibus ut consequuntur ullam consequatur. Qui blanditiis dolores sed exercitationem voluptas laboriosam. Dolorem voluptatibus doloribus et ut.', 2, '2020-05-18 05:22:55', '2020-05-18 05:22:55'),
(292, 19, 'Merl Dare', 'Laborum reiciendis sunt voluptatem aut repellat. Alias amet voluptas adipisci inventore aut ipsam. Minus at ea aut harum facere deleniti ratione. Officia rerum voluptas voluptatem unde illum impedit consectetur.', 5, '2020-05-18 05:22:55', '2020-05-18 05:22:55'),
(293, 27, 'Dr. Eladio Johnston', 'Impedit pariatur cum voluptas et impedit laboriosam consequatur. Nesciunt maiores quia repellendus qui et magni et. Voluptatem magnam dolores est.', 5, '2020-05-18 05:22:55', '2020-05-18 05:22:55'),
(294, 6, 'Velva Bashirian', 'Sint delectus et quia ut sunt molestias. Debitis qui quam amet consequatur incidunt ipsa maxime. Dolorum sunt facere itaque. Et tenetur at id.', 4, '2020-05-18 05:22:55', '2020-05-18 05:22:55'),
(295, 49, 'Jared Wolf Sr.', 'Voluptatem facere eum et ab labore accusantium magni. Dolorem cumque eum labore a dicta. Accusamus veniam qui debitis eos totam necessitatibus eos.', 2, '2020-05-18 05:22:55', '2020-05-18 05:22:55'),
(296, 2, 'Ramiro Blick', 'Officiis tempora consequatur et eius nulla hic in. Pariatur doloremque sapiente tempore sit neque vero aut rerum. Totam optio aspernatur architecto et cupiditate deserunt.', 1, '2020-05-18 05:22:55', '2020-05-18 05:22:55'),
(297, 28, 'Prof. Kieran Leuschke', 'Rem fugit quas placeat officiis id velit. Saepe atque cum quia odit maiores quod a. Error optio quia fuga non qui. Dolores qui omnis aut quia.', 1, '2020-05-18 05:22:55', '2020-05-18 05:22:55'),
(298, 49, 'Kaycee Ullrich', 'Sit libero explicabo iste dolores distinctio dolorem. Eius illo et aut saepe. Cum ab earum deleniti commodi ullam quia.', 1, '2020-05-18 05:22:55', '2020-05-18 05:22:55'),
(299, 22, 'Wilbert Hodkiewicz', 'Impedit aperiam voluptates non voluptatibus. Porro quis aliquam et a magni. Praesentium dolor nihil odit. At reiciendis accusantium tempora.', 3, '2020-05-18 05:22:55', '2020-05-18 05:22:55'),
(300, 12, 'Dr. Brenden Murphy III', 'Omnis rerum maxime consequuntur nemo in nihil libero. Non inventore ab quia voluptate quia consequatur aperiam accusamus. Pariatur maxime magnam sit est iste qui optio. Quas qui et veniam deleniti perferendis eligendi ex. Magni dolores distinctio sunt sint repellendus et.', 1, '2020-05-18 05:22:55', '2020-05-18 05:22:55');

-- --------------------------------------------------------

--
-- Table structure for table `users`
--

CREATE TABLE `users` (
  `id` bigint(20) UNSIGNED NOT NULL,
  `name` varchar(255) COLLATE utf8mb4_unicode_ci NOT NULL,
  `email` varchar(255) COLLATE utf8mb4_unicode_ci NOT NULL,
  `email_verified_at` timestamp NULL DEFAULT NULL,
  `password` varchar(255) COLLATE utf8mb4_unicode_ci NOT NULL,
  `remember_token` varchar(100) COLLATE utf8mb4_unicode_ci DEFAULT NULL,
  `created_at` timestamp NULL DEFAULT NULL,
  `updated_at` timestamp NULL DEFAULT NULL
) ENGINE=InnoDB DEFAULT CHARSET=utf8mb4 COLLATE=utf8mb4_unicode_ci;

--
-- Indexes for dumped tables
--

--
-- Indexes for table `failed_jobs`
--
ALTER TABLE `failed_jobs`
  ADD PRIMARY KEY (`id`);

--
-- Indexes for table `migrations`
--
ALTER TABLE `migrations`
  ADD PRIMARY KEY (`id`);

--
-- Indexes for table `password_resets`
--
ALTER TABLE `password_resets`
  ADD KEY `password_resets_email_index` (`email`);

--
-- Indexes for table `products`
--
ALTER TABLE `products`
  ADD PRIMARY KEY (`id`);

--
-- Indexes for table `reviews`
--
ALTER TABLE `reviews`
  ADD PRIMARY KEY (`id`),
  ADD KEY `reviews_product_id_index` (`product_id`);

--
-- Indexes for table `users`
--
ALTER TABLE `users`
  ADD PRIMARY KEY (`id`),
  ADD UNIQUE KEY `users_email_unique` (`email`);

--
-- AUTO_INCREMENT for dumped tables
--

--
-- AUTO_INCREMENT for table `failed_jobs`
--
ALTER TABLE `failed_jobs`
  MODIFY `id` bigint(20) UNSIGNED NOT NULL AUTO_INCREMENT;

--
-- AUTO_INCREMENT for table `migrations`
--
ALTER TABLE `migrations`
  MODIFY `id` int(10) UNSIGNED NOT NULL AUTO_INCREMENT, AUTO_INCREMENT=6;

--
-- AUTO_INCREMENT for table `products`
--
ALTER TABLE `products`
  MODIFY `id` bigint(20) UNSIGNED NOT NULL AUTO_INCREMENT, AUTO_INCREMENT=51;

--
-- AUTO_INCREMENT for table `reviews`
--
ALTER TABLE `reviews`
  MODIFY `id` bigint(20) UNSIGNED NOT NULL AUTO_INCREMENT, AUTO_INCREMENT=301;

--
-- AUTO_INCREMENT for table `users`
--
ALTER TABLE `users`
  MODIFY `id` bigint(20) UNSIGNED NOT NULL AUTO_INCREMENT;

--
-- Constraints for dumped tables
--

--
-- Constraints for table `reviews`
--
ALTER TABLE `reviews`
  ADD CONSTRAINT `reviews_product_id_foreign` FOREIGN KEY (`product_id`) REFERENCES `products` (`id`) ON DELETE CASCADE;
COMMIT;

/*!40101 SET CHARACTER_SET_CLIENT=@OLD_CHARACTER_SET_CLIENT */;
/*!40101 SET CHARACTER_SET_RESULTS=@OLD_CHARACTER_SET_RESULTS */;
/*!40101 SET COLLATION_CONNECTION=@OLD_COLLATION_CONNECTION */;
